,generationtime,length_birth,length_final,growth_rate,fold_growth,division_ratio
mean,0.527272727272727,2.691542782381174,5.33837530109641,1.2546365007994036,0.6605311218623002,0.5033974737840327
std,0.09602488854864262,0.3632650679008454,0.6230948513366695,0.08137956942082944,0.1207238949947645,0.029790290360041122
