,generationtime,length_birth,length_final,growth_rate,fold_growth,division_ratio
mean,0.4551724137931033,2.690207597927742,5.485255695123423,1.5014419052127437,0.6767453119355923,0.48913770015732977
std,0.07831350411077508,0.35905454012537247,0.6946144935568141,0.19780281326796564,0.10586032124005886,0.04429930911288663
