,generationtime,length_birth,length_final,growth_rate,fold_growth,division_ratio
mean,0.495,2.6847847372978935,5.363905527645852,1.3666433866069725,0.6714850108974564,0.5011905077851628
std,0.08870412083230175,0.26814466319615204,0.4367149776008783,0.12766179351994297,0.10463297521882005,0.0259375641463048
