,generationtime,length_birth,length_final,growth_rate,fold_growth,division_ratio
mean,0.46842105263157907,2.6553583513208325,5.315945010401282,1.4819872911040304,0.6906838037586777,0.498411095834628
std,0.08532702827583973,0.3469970502888218,0.545770410575428,0.14881260120504608,0.12551981268861667,0.03666882153318813
