,generationtime,length_birth,length_final,growth_rate,fold_growth,division_ratio
mean,0.5999999999999999,2.521660315525384,5.251971476833033,1.1841675262061284,0.7081395299813592,0.4781787609752622
std,0.15191090506255006,0.48431324611788246,0.8699828896381079,0.10593875275938146,0.1865097924601987,0.02895105224807452
