,generationtime,length_birth,length_final,growth_rate,fold_growth,division_ratio
mean,0.5152173913043478,2.4504684356122284,4.759375281074327,1.2748851623249364,0.6519448121332492,0.521273217438864
std,0.13266052249727128,0.4132494741728958,0.7372751795982887,0.1672887341403901,0.16353651363271543,0.04383539382600472
