,generationtime,length_birth,length_final,growth_rate,fold_growth,division_ratio
mean,0.586842105263158,2.6722978452311628,5.432883159107516,1.1627718513203904,0.6738676074555634,0.49428367263668455
std,0.10780912307195475,0.28772454258165114,0.6839173725281514,0.1470913173799089,0.09696140989045933,0.030215863420955762
