,generationtime,length_birth,length_final,growth_rate,fold_growth,division_ratio
mean,0.44499999999999984,2.8362069194919988,5.226973778463479,1.4079600304684239,0.6208391554435131,0.5396986514938694
std,0.11197527199547906,0.649116361786394,0.9384739465414383,0.32786892173462157,0.18605710052607238,0.06315267336338719
