,generationtime,length_birth,length_final,growth_rate,fold_growth,division_ratio
mean,0.46451612903225814,2.7800243735897165,5.441786534890068,1.4979294546312911,0.6754745150958924,0.5166838762010686
std,0.18938213061915182,0.7395533670639926,1.188175079506388,0.2087825633634467,0.2400526120643839,0.04633831673174592
