,generationtime,length_birth,length_final,growth_rate,fold_growth,division_ratio
mean,0.4574074074074073,2.671688279795451,5.136126180036603,1.4369947741888884,0.6506913126145437,0.5179187113671895
std,0.08955413457760067,0.3851093477194634,0.6853389463562959,0.16746142897017252,0.11369121713607493,0.03204211752458785
