,generationtime,length_birth,length_final,growth_rate,fold_growth,division_ratio
mean,0.5458333333333334,2.8766366221620356,5.849555188009983,1.275306218788536,0.6935561782835404,0.49693468613813313
std,0.1309801401031823,0.49979810948177883,0.8992993959354835,0.12322154972805142,0.1673676334114743,0.02402784639021159
