,generationtime,length_birth,length_final,growth_rate,fold_growth,division_ratio
mean,0.5399999999999999,2.4763580320776213,5.107564807170331,1.303653436864781,0.7004072391458869,0.4894979521505296
std,0.10587977293038299,0.32055708296770885,0.6268874557489693,0.12369102364963525,0.1318818817632127,0.024623810667706185
