,generationtime,length_birth,length_final,growth_rate,fold_growth,division_ratio
mean,0.6038461538461537,2.8127058824836775,5.735534180323293,1.1564171332066804,0.6916544643735055,0.4984632625119412
std,0.13610893073432395,0.5206569529980092,0.7754464782390029,0.11004779301617641,0.13293734403976698,0.028040365405611088
