,generationtime,length_birth,length_final,growth_rate,fold_growth,division_ratio
mean,0.47826086956521763,2.7367763767570192,5.383129306626022,1.4122712578134473,0.6715941126963341,0.5092459781194278
std,0.09271913472775745,0.3685654693089818,0.534319154228918,0.11009657497937711,0.1188676955461932,0.026910391756983714
