,generationtime,length_birth,length_final,growth_rate,fold_growth,division_ratio
mean,0.6194444444444446,2.9027470516868266,5.832216396331522,1.112103514113774,0.6820757455089186,0.4965892802275641
std,0.10166104131013737,0.362687867301383,0.6579749572088079,0.1302238133770796,0.09127715777623609,0.03012375843682603
