,generationtime,length_birth,length_final,growth_rate,fold_growth,division_ratio
mean,0.5958333333333333,2.4415206459978775,4.9247084177853795,1.150717743698349,0.6800578474094912,0.4929793721013717
std,0.14288690166235202,0.25857479831763946,0.5406621727409353,0.14013661343587483,0.14809256866618573,0.023508696713754676
