,generationtime,length_birth,length_final,growth_rate,fold_growth,division_ratio
mean,0.5958333333333335,2.399941885012232,4.672011976407512,1.106216712231707,0.6526620483623623,0.5123313078557942
std,0.13506573815438327,0.25304393344216175,0.46836195024745825,0.12774146462690422,0.1253578083748121,0.02489447212097226
