,generationtime,length_birth,length_final,growth_rate,fold_growth,division_ratio
mean,0.552,3.0764377427910192,6.27365718380405,1.2754679278916377,0.7070929144737987,0.4882745609007672
std,0.22475913032993042,1.010100610955637,1.7915271055177309,0.13663029275087615,0.2982044940817056,0.03715680420040057
