,generationtime,length_birth,length_final,growth_rate,fold_growth,division_ratio
mean,0.5108695652173914,2.4491792256030935,4.852165600598073,1.3368407899804773,0.6788482964943047,0.5056243966977967
std,0.10330506647252732,0.29667491141215174,0.4562443834791828,0.14193183143362237,0.13693566600941803,0.04027483920836598
