,generationtime,length_birth,length_final,growth_rate,fold_growth,division_ratio
mean,0.4694444444444444,2.3403248236310894,4.631065827840099,1.441456843272951,0.675303319844895,0.5259596873782784
std,0.08425955852373283,0.26460174457595603,0.41741073190216366,0.14925418170311794,0.13512237507277922,0.033159615997275016
