,generationtime,length_birth,length_final,growth_rate,fold_growth,division_ratio
mean,0.46818181818181814,2.7621807470834834,5.56450471167144,1.4820953372245527,0.67645097920673,0.5195659316956198
std,0.1309059343053769,0.2872092787047695,0.66751270203387,0.1921747771639691,0.136711960807329,0.02823344814135953
