,generationtime,length_birth,length_final,growth_rate,fold_growth,division_ratio
mean,0.47000000000000003,2.640025325899132,5.407362722541306,1.4849708762596385,0.6907531914115637,0.4979385346322836
std,0.10055402085998896,0.25430629090388834,0.4274400551870077,0.16465407612789842,0.13049296248968395,0.03555903676774221
