,generationtime,length_birth,length_final,growth_rate,fold_growth,division_ratio
mean,0.527777777777778,2.551823396942895,5.145625474621057,1.3228161328011019,0.6840322624504738,0.4965833964427469
std,0.1178511301977577,0.33974364317857203,0.610663000656889,0.17793577814738204,0.1182673961349747,0.029663380428566002
