,generationtime,length_birth,length_final,growth_rate,fold_growth,division_ratio
mean,0.6071428571428571,3.1680849514567506,6.425070065384643,1.1498918516763963,0.6841657740027375,0.4954712553789625
std,0.17992762317062916,0.8472922316133333,1.6389042262356173,0.15419913114024844,0.1727655217293847,0.03968245754179108
