,generationtime,length_birth,length_final,growth_rate,fold_growth,division_ratio
mean,0.43409090909090886,3.0992258655426776,5.908802178621014,1.4477827828478953,0.622958070625735,0.5162488085380406
std,0.07300744195002712,0.3304894335724778,0.8192016365220823,0.1318883352998278,0.08613160767527452,0.02679649953500505
