,generationtime,length_birth,length_final,growth_rate,fold_growth,division_ratio
mean,0.56,3.3779094389078557,6.759590468159361,1.2209436321733065,0.6791922061854113,0.49672994628789946
std,0.07378647873726224,0.26318141004793816,0.6071840541721267,0.15428713314906012,0.09418940248096515,0.024985080764113154
