,generationtime,length_birth,length_final,growth_rate,fold_growth,division_ratio
mean,0.5358695652173913,2.473166413427785,5.004545644298733,1.2958606414436988,0.690216766550933,0.48925174367629387
std,0.10417028979206276,0.3771749359549814,0.6205056326836834,0.15000400293309946,0.13741394534636361,0.030595285591974167
