,generationtime,length_birth,length_final,growth_rate,fold_growth,division_ratio
mean,0.511764705882353,2.6461500143943373,5.125997968558324,1.3121735965977679,0.6665693817315692,0.5244744632480229
std,0.11114378604524222,0.36512385047705836,0.6792624196064972,0.14012776714034297,0.13554395837880734,0.040847148430647004
