,generationtime,length_birth,length_final,growth_rate,fold_growth,division_ratio
mean,0.6210526315789476,2.940660141087827,5.956747803929922,1.1324362658663174,0.6947670281606242,0.5016083938622259
std,0.24055248299700302,0.851390419967352,1.583154577240401,0.14156607535686322,0.2661393566145606,0.035052082276432285
