,generationtime,length_birth,length_final,growth_rate,fold_growth,division_ratio
mean,0.5590909090909091,2.5495724059032714,5.572672751153526,1.3398179147370028,0.7479475622022747,0.4576598850159935
std,0.12413335937245441,0.4078728534366521,0.6549804197512356,0.22750981929776481,0.2024526447579205,0.03785593126643561
