,generationtime,length_birth,length_final,growth_rate,fold_growth,division_ratio
mean,0.5500000000000002,2.4819616226287815,5.1698958643699875,1.3408153406061454,0.7250819064084082,0.4905139300931193
std,0.11547005383792547,0.34296779703755614,0.7064424944020384,0.17504824881710795,0.10879063543773249,0.02954223752115843
