,generationtime,length_birth,length_final,growth_rate,fold_growth,division_ratio
mean,0.5666666666666668,2.6712528338370602,5.439622952760303,1.2599405187465633,0.6963719408315008,0.49533005051579465
std,0.12051476890327406,0.2906408614479653,0.4855750659174329,0.20914119634711667,0.09880375305483893,0.02591681725743099
