,generationtime,length_birth,length_final,growth_rate,fold_growth,division_ratio
mean,0.636111111111111,2.61248622385381,5.24260122109257,1.0520153683026219,0.6630572504815584,0.504193839570972
std,0.09671905274245958,0.22308182953519617,0.4841010450152343,0.15891920555787536,0.10433384940714197,0.039223791097113124
