,generationtime,length_birth,length_final,growth_rate,fold_growth,division_ratio
mean,0.4522727272727275,2.5973676349212944,5.153711611943034,1.510655962216842,0.6787930167211936,0.5046888452799166
std,0.07667705412553777,0.2932654043028887,0.5106215749745919,0.17508895351785975,0.1208958552058902,0.03014317642574757
