,generationtime,length_birth,length_final,growth_rate,fold_growth,division_ratio
mean,0.4413043478260868,2.2749439920597374,4.615941753674653,1.5521725150348316,0.6806079312576929,0.49613218982548807
std,0.06333922724118055,0.2794717889340338,0.5310606460090682,0.2221915791712484,0.11074497897810007,0.03359009705778532
