,generationtime,length_birth,length_final,growth_rate,fold_growth,division_ratio
mean,0.4624999999999999,2.7764121138143865,5.341473859523791,1.3703981537254657,0.6317084142066064,0.5140933913816167
std,0.06440285143320351,0.23887341976410956,0.5044467773645941,0.106597658802603,0.08498433494847293,0.029361136675503434
