,generationtime,length_birth,length_final,growth_rate,fold_growth,division_ratio
mean,0.5909090909090909,2.830096331041176,5.767495264677355,1.199735631290823,0.6989544846336684,0.48417151072849623
std,0.14070946781946847,0.4418577241523995,0.5294347169793714,0.17494489342525246,0.1505972684336999,0.03552555757321235
