,generationtime,length_birth,length_final,growth_rate,fold_growth,division_ratio
mean,0.5473684210526316,2.210213724524925,4.311439687395564,1.1967566340228453,0.6465707349527299,0.5127900944462777
std,0.09350235322428807,0.16471401128542976,0.2801279845302906,0.1697399917514586,0.0948938241022067,0.032046899816301426
