,generationtime,length_birth,length_final,growth_rate,fold_growth,division_ratio
mean,0.6333333333333333,2.4185490062634547,4.871344098431064,1.0732223112319947,0.6749500824816757,0.4968831751577896
std,0.18192096661802926,0.3856578756820021,0.7761705628106322,0.1346126505869159,0.1928597478956925,0.027173185851589014
