,generationtime,length_birth,length_final,growth_rate,fold_growth,division_ratio
mean,0.5500000000000003,2.2787841827174953,4.623815151721093,1.2420525464348682,0.6820628345066555,0.4928012513913073
std,0.12833778958394962,0.33088094149375236,0.603385820657535,0.19623230411555898,0.19571796872473965,0.051933159030371503
