,generationtime,length_birth,length_final,growth_rate,fold_growth,division_ratio
mean,0.42872340425531913,2.862974689204468,5.43202073481978,1.4608301869299494,0.6235937484048218,0.5315516840671961
std,0.08192300259009375,0.3827197939511801,0.5438946860915777,0.15564502629654076,0.11838379158733325,0.04091862222514682
