,generationtime,length_birth,length_final,growth_rate,fold_growth,division_ratio
mean,0.6346153846153846,2.3152148997794972,4.940719852647494,1.1637141032536618,0.7323818670873603,0.4656603122678994
std,0.09976896388078882,0.21633085455943393,0.4900413272293097,0.12005823691327314,0.09665122176970144,0.025890215841236658
