,generationtime,length_birth,length_final,growth_rate,fold_growth,division_ratio
mean,0.5236842105263156,2.63160711743431,5.1076762047890405,1.2294003937944418,0.6397830202515619,0.510776700367448
std,0.0714306599527581,0.21304124752647566,0.4651719419130513,0.14029971630604368,0.08726394244210904,0.02289087628421751
