,generationtime,length_birth,length_final,growth_rate,fold_growth,division_ratio
mean,0.4102941176470587,2.549318097199287,5.136514075376171,1.7093265556001722,0.7016252398115357,0.4944860742723159
std,0.09517082867673297,0.48489834206166915,0.8243371733180282,0.21959727219454253,0.18156134084602596,0.04488032398586029
