,generationtime,length_birth,length_final,growth_rate,fold_growth,division_ratio
mean,0.434375,2.9458299801305277,5.879976537448879,1.5419651313045588,0.66673697782161,0.5032108473638921
std,0.05977387946809776,0.3644539296677484,0.6017906575935358,0.14434285335771094,0.09639412879520881,0.03200544890069112
