,generationtime,length_birth,length_final,growth_rate,fold_growth,division_ratio
mean,0.4905405405405405,2.4736087131901234,4.844854874876601,1.3773982449281401,0.6646734667539862,0.5146852479798735
std,0.10790803558653159,0.33451346350426114,0.5210254117764082,0.18691824354198378,0.11561070659251216,0.03519939211076776
