,generationtime,length_birth,length_final,growth_rate,fold_growth,division_ratio
mean,0.5843750000000002,2.676375886282994,5.580952246270699,1.2171387297772978,0.7087917205834164,0.4738640908764233
std,0.09259004626128378,0.4267704595843985,0.8229200762871682,0.10423492010215056,0.1101282968709794,0.03061945435132513
