,generationtime,length_birth,length_final,growth_rate,fold_growth,division_ratio
mean,0.46153846153846145,2.928671669965359,5.735400370688344,1.4484598807568574,0.6609042969395975,0.508997832660148
std,0.10228166239135174,0.4262056815777234,0.638743812441414,0.17291268373671914,0.13339718303836637,0.03802645186924778
