,generationtime,length_birth,length_final,growth_rate,fold_growth,division_ratio
mean,0.4613636363636363,2.379648781544331,4.73714362339522,1.5024234323997447,0.6875605825445742,0.5002628277114471
std,0.07704639632161392,0.23321660873117625,0.4357502692843935,0.2308003371253533,0.12022967734270272,0.03331047575929546
