,generationtime,length_birth,length_final,growth_rate,fold_growth,division_ratio
mean,0.4928571428571428,2.281838641272706,4.503257865669599,1.338954894627475,0.6565718597188998,0.5092520410342533
std,0.08893847823103855,0.28755166655944986,0.5539823302602545,0.1912678104795082,0.13572788626422647,0.0317468497090112
