,generationtime,length_birth,length_final,growth_rate,fold_growth,division_ratio
mean,0.5592592592592592,2.857998543099125,5.72819462167478,1.214164584951448,0.6748632833172832,0.49423682120747037
std,0.09097446496876628,0.3033266435673146,0.47171210471574904,0.1201864341567844,0.09986643053662064,0.02526342680996628
