,generationtime,length_birth,length_final,growth_rate,fold_growth,division_ratio
mean,0.5574999999999999,2.9725166321211565,5.753839219228582,1.1626454264303843,0.6438882521626711,0.5126631555092026
std,0.08626001086067756,0.33928114607262944,0.5168590111274305,0.1736885157840545,0.11699985400315502,0.0392472481384949
