,generationtime,length_birth,length_final,growth_rate,fold_growth,division_ratio
mean,0.5541666666666666,2.8540765983368765,5.550088297503353,1.1676471211473938,0.6456923789541896,0.5167120031442646
std,0.13221596199423358,0.46766726901318195,0.8720010261613343,0.15455653114101575,0.18137909758373405,0.039504262433389156
