,generationtime,length_birth,length_final,growth_rate,fold_growth,division_ratio
mean,0.44814814814814813,2.9021254566042938,5.557835344386991,1.4342513662328273,0.6344861156143385,0.5227567296067148
std,0.09038537309496308,0.2771222361532908,0.4397028625793614,0.19663049484325135,0.11676876113313406,0.03708760771897751
