,generationtime,length_birth,length_final,growth_rate,fold_growth,division_ratio
mean,0.4828124999999998,2.5591244186048367,5.045222779982225,1.4068872014610991,0.6733149575097401,0.5059567695630911
std,0.13163782922002737,0.6487408522378336,1.0397600694939437,0.19092905287727013,0.1799359360912757,0.035837756110386754
