,generationtime,length_birth,length_final,growth_rate,fold_growth,division_ratio
mean,0.5916666666666667,2.8056959894676825,5.522445875245449,1.1283183831160615,0.6579407950785683,0.5119507646164044
std,0.11645001528813151,0.21596876620757904,0.49705560195749093,0.12261137541937527,0.08381145184472438,0.026502131681282085
