,generationtime,length_birth,length_final,growth_rate,fold_growth,division_ratio
mean,0.45000000000000007,2.6372590066501314,5.237769874064038,1.5104129790327623,0.6770396443827654,0.5015712574551547
std,0.09293203772845843,0.36671652233371554,0.6224314011998775,0.14029858576144127,0.14392943499217345,0.024634207601746186
