,generationtime,length_birth,length_final,growth_rate,fold_growth,division_ratio
mean,0.5454545454545455,2.4626619628875344,5.126562938141877,1.2916846424581496,0.6904369464581482,0.4793046475362131
std,0.12738631295108893,0.2544384287201866,0.4245055825990409,0.21052303268420236,0.12322669804405682,0.026734673213594514
