,generationtime,length_birth,length_final,growth_rate,fold_growth,division_ratio
mean,0.6181818181818182,2.2480879924153614,4.757681773641329,1.1981057188813178,0.7328482327853595,0.4816039033596439
std,0.15535882220319383,0.28488070627112777,0.6446367779932938,0.13783561006453082,0.16985348760412358,0.042643295200839176
