,generationtime,length_birth,length_final,growth_rate,fold_growth,division_ratio
mean,0.5403508771929825,2.5370617740850028,4.962843414293954,1.2127821200638473,0.6524545042640639,0.5101711232833431
std,0.10152348272128787,0.3489050044884032,0.5932747395769694,0.15492754396784136,0.13936808462622535,0.029299361645894643
