,generationtime,length_birth,length_final,growth_rate,fold_growth,division_ratio
mean,0.46818181818181787,2.9894884992103274,5.76835438555691,1.3504317242643316,0.6254796530727323,0.5177008469500811
std,0.09947005456295312,0.32892476840575036,0.5611867981089719,0.150792963608076,0.11809378456403896,0.02741657922782394
