,generationtime,length_birth,length_final,growth_rate,fold_growth,division_ratio
mean,0.6239130434782606,2.2607816276830492,4.793886599787275,1.1746861328794016,0.725950270325476,0.47499932033637
std,0.10752332222422428,0.26611009157373916,0.3869890853543547,0.16748166475935236,0.12305358410674498,0.03324765149654251
