,generationtime,length_birth,length_final,growth_rate,fold_growth,division_ratio
mean,0.4557692307692306,2.5737826025555277,5.035110323340567,1.4858767526521934,0.6642957085242311,0.5105959730093216
std,0.12674929828359854,0.3662354166093333,0.6987138227227249,0.2302817875736246,0.15982508625415962,0.040423384497084186
