,generationtime,length_birth,length_final,growth_rate,fold_growth,division_ratio
mean,0.5595238095238095,2.777351988885484,5.626013830789715,1.2609812225564365,0.7003618905507265,0.5014682603323525
std,0.1772138874489296,0.8369058686910206,1.6142355076694506,0.1641409724010014,0.21551719025151667,0.03956441321676892
