,generationtime,length_birth,length_final,growth_rate,fold_growth,division_ratio
mean,0.48703703703703705,2.608211408058818,5.164257813,1.375986327450004,0.6607008846817983,0.5020004110804025
std,0.09566828969110722,0.25229417516331853,0.45905673441646433,0.17129391106472705,0.10179949177594382,0.02392565820008553
