,generationtime,length_birth,length_final,growth_rate,fold_growth,division_ratio
mean,0.6214285714285716,2.8464320988558844,5.774548298705162,1.1053514879216884,0.6844721567821843,0.49299133329843087
std,0.10578504710249079,0.3056951055347508,0.549069971184622,0.07466674431920409,0.10964263854089365,0.024258225025268598
