,generationtime,length_birth,length_final,growth_rate,fold_growth,division_ratio
mean,0.44833333333333325,3.051888510264573,5.882285549927965,1.4266024954590153,0.6345913885424727,0.5179284614760249
std,0.08658594826403194,0.47372975620254665,0.8678860811457572,0.15256495981523446,0.11468434039834188,0.026451617157069857
