,generationtime,length_birth,length_final,growth_rate,fold_growth,division_ratio
mean,0.4593750000000001,2.7682345513820694,5.237069342834246,1.393821742799152,0.6362245595816322,0.5406578251320412
std,0.09168560410446137,0.43564365582789294,0.766805325908043,0.2934087601898508,0.17200035182818224,0.0467481435538033
