,generationtime,length_birth,length_final,growth_rate,fold_growth,division_ratio
mean,0.5789473684210525,2.765220322702782,5.591718853143598,1.196357971112718,0.6903747696838409,0.4961368876146366
std,0.11584926685818499,0.33225229132343087,0.5574575853302218,0.09983727751003932,0.13478854851716057,0.025400288313045607
