,generationtime,length_birth,length_final,growth_rate,fold_growth,division_ratio
mean,0.4895833333333333,2.4058476930857045,4.654011467459267,1.3580265272847223,0.649111478365639,0.5195948724496668
std,0.11283818564808158,0.34775780979171383,0.6404979658896219,0.22113953568094244,0.11666925748948999,0.04359046797995175
