,generationtime,length_birth,length_final,growth_rate,fold_growth,division_ratio
mean,0.48333333333333345,2.4054361737731704,4.618439431740926,1.3752832260405858,0.653801674236829,0.5251900073779849
std,0.11134798598870045,0.3210153199776275,0.5300812148621303,0.18384776695148253,0.12014713105533156,0.04636860997368292
