,generationtime,length_birth,length_final,growth_rate,fold_growth,division_ratio
mean,0.42978723404255326,2.868474324612007,5.46886401085843,1.4699260088800432,0.6289849203990825,0.5275232184540255
std,0.08175466476979809,0.3575567129407835,0.5231159585556467,0.1538036741182883,0.1202937373272122,0.0355171616964841
