,generationtime,length_birth,length_final,growth_rate,fold_growth,division_ratio
mean,0.4227272727272726,2.4432870712977115,4.7533309009058895,1.5485179381902745,0.6495016979917001,0.5150230283777751
std,0.08778549826875573,0.3883903322322621,0.7784599048963822,0.2629835137768941,0.15892994818628572,0.04374873376490995
