,generationtime,length_birth,length_final,growth_rate,fold_growth,division_ratio
mean,0.47844827586206895,2.794608691952459,5.453496937192144,1.3599700966682868,0.6440442704284863,0.5081836783384969
std,0.0932418422025545,0.3360617358624259,0.5763870323824426,0.16035432008201714,0.11106552043561434,0.03492947577646817
