,generationtime,length_birth,length_final,growth_rate,fold_growth,division_ratio
mean,0.4454545454545455,2.8610388544420973,5.561630559174144,1.4540609489928014,0.6412774786740605,0.5086547094083328
std,0.07836867389860437,0.3983607570877127,0.7819833099690816,0.14050137613793326,0.0881374492103571,0.03016203590160313
