,generationtime,length_birth,length_final,growth_rate,fold_growth,division_ratio
mean,0.4472972972972971,2.5114303619106626,4.840152289369584,1.4496630086044517,0.6463796484094867,0.5116079743467136
std,0.11130972827670403,0.4858267915250762,0.8980275914415892,0.19007560516453212,0.17023361528425612,0.03941401600851481
