,generationtime,length_birth,length_final,growth_rate,fold_growth,division_ratio
mean,0.44489795918367314,2.9968071902317885,5.628000478440344,1.389136698209346,0.611420780252285,0.5182449553355725
std,0.12468497719218201,0.6417353389992192,0.935200229679595,0.15005315665959804,0.1688382342605479,0.028384979507545025
