,generationtime,length_birth,length_final,growth_rate,fold_growth,division_ratio
mean,0.5652777777777779,2.60424596701246,5.11035942650973,1.1935452136698628,0.6674161469001332,0.49363522809222943
std,0.1252537107773342,0.3946473000406509,0.4351890458267293,0.12020187039634525,0.13522651166972274,0.024550336061817994
