,generationtime,length_birth,length_final,growth_rate,fold_growth,division_ratio
mean,0.5690476190476188,3.016715785523828,6.066276970651594,1.2158812591223238,0.6877670146526993,0.5076089662325878
std,0.11882359874640909,0.39143461405947705,0.6086757601184762,0.0864973299574447,0.13335109715982724,0.024379078619673714
