,generationtime,length_birth,length_final,growth_rate,fold_growth,division_ratio
mean,0.5142857142857143,2.945975731267818,5.815021033037348,1.3056383515401047,0.6661362423344223,0.49409843870768355
std,0.1163430886890764,0.4043474797634286,0.45820420453746785,0.09762904359894935,0.13183497561202404,0.021584761469881357
