,generationtime,length_birth,length_final,growth_rate,fold_growth,division_ratio
mean,0.4592592592592595,2.434112106098749,4.745137472453315,1.447772573709034,0.6554520623438262,0.5156525684168739
std,0.109058610723894,0.3541658270639792,0.674170305122864,0.26228634636100406,0.1637174799580335,0.03849304549356267
