,generationtime,length_birth,length_final,growth_rate,fold_growth,division_ratio
mean,0.5068181818181816,2.7766930984642606,5.549395066178811,1.3386996617608782,0.668536046800026,0.5011161611399867
std,0.0995707570742317,0.36344995971545957,0.7321382520732536,0.1901228324755532,0.1180871767288673,0.028478584645912797
