,generationtime,length_birth,length_final,growth_rate,fold_growth,division_ratio
mean,0.46842105263157907,2.8814014038643925,5.774711806744956,1.4645120728238932,0.6760946120780792,0.5045069459799404
std,0.12606273384905264,0.48250893446216014,0.7831910443106781,0.1613484315124031,0.15294693810280727,0.03220541069565324
