,generationtime,length_birth,length_final,growth_rate,fold_growth,division_ratio
mean,0.5460869565217392,2.8259744758564884,5.611153653897715,1.2327174612488028,0.6689719084549482,0.5015180372512328
std,0.113776447877112,0.46537837513520647,0.7760582955969568,0.1488036663178775,0.13934954568241853,0.02998950683019372
