,generationtime,length_birth,length_final,growth_rate,fold_growth,division_ratio
mean,0.4613207547169813,2.5720573645164553,5.161718518066438,1.4576111967551302,0.6700810007520005,0.500999814039715
std,0.10991321289385658,0.5347433901609027,1.1922805906744074,0.29791531524001125,0.19308840281657852,0.050493249095795056
