,generationtime,length_birth,length_final,growth_rate,fold_growth,division_ratio
mean,0.447524752475248,2.4194617579271807,4.758946264147998,1.5143402872294949,0.6700252950385118,0.5089775759594295
std,0.10825346128964244,0.5029355245146679,0.8897874724972203,0.22414939991343952,0.16019930491987658,0.038742956125630876
