,generationtime,length_birth,length_final,growth_rate,fold_growth,division_ratio
mean,0.5250000000000002,2.773985060925008,5.520998872731487,1.2914141834326553,0.6763842448687344,0.49630260017589395
std,0.09878649669780075,0.5229388324578851,0.8790081292908006,0.12706095711563511,0.14061945285393845,0.02797061127059158
