,generationtime,length_birth,length_final,growth_rate,fold_growth,division_ratio
mean,0.5905405405405403,2.686346183366497,5.458366873733212,1.176272700544718,0.6874772957913493,0.49367267342126464
std,0.10490559215531461,0.3078585281737946,0.5478498502210748,0.13383727300231363,0.10620025324518374,0.023257458495623183
