,generationtime,length_birth,length_final,growth_rate,fold_growth,division_ratio
mean,0.5906250000000001,2.5067955637139323,5.046667953400264,1.1527412158307664,0.6749979346757137,0.4939403911740728
std,0.12057320986093968,0.27369695594956595,0.5206979733324905,0.12243131708787804,0.12254199665007556,0.02023737906623225
