,generationtime,length_birth,length_final,growth_rate,fold_growth,division_ratio
mean,0.5451327433628317,2.6517174084267117,5.148929196887737,1.1948971657652832,0.6473605497144556,0.5124898152917533
std,0.11318533351044668,0.427911590373569,0.7099843240863144,0.1411103637575303,0.13706196742588098,0.031032859599776825
