,generationtime,length_birth,length_final,growth_rate,fold_growth,division_ratio
mean,0.48181818181818153,2.69524306500366,5.432525610839928,1.4321705393022992,0.679560893282475,0.49748597163250363
std,0.0978299906506541,0.3211174788298646,0.6174948004581426,0.18420949663879702,0.10853426795762082,0.029883832102128596
