,generationtime,length_birth,length_final,growth_rate,fold_growth,division_ratio
mean,0.5833333333333335,3.007735854330939,6.093115440938791,1.196399414413109,0.6916410017360594,0.4979625383231039
std,0.13696300686034496,0.4722705446145812,0.8514609908707133,0.09752343041940591,0.14504565863149654,0.027939533153682847
