,generationtime,length_birth,length_final,growth_rate,fold_growth,division_ratio
mean,0.5992424242424245,2.971263842837682,5.883877620280111,1.1193723681542767,0.666136907111723,0.50710480689902
std,0.11848155463142268,0.3050128199581418,0.5471986132595471,0.10412985768217184,0.12036591813143184,0.02691762903116449
