,generationtime,length_birth,length_final,growth_rate,fold_growth,division_ratio
mean,0.45519480519480515,2.761224498816826,5.171274928233864,1.3908749596048475,0.6269021067454486,0.5333276886659414
std,0.10686452798323674,0.5409649600136763,0.8042808134525171,0.2944758973360936,0.1698947788663683,0.05607979256218547
