,generationtime,length_birth,length_final,growth_rate,fold_growth,division_ratio
mean,0.521698113207547,2.2496177559026145,4.456654968603598,1.2821989090214205,0.6647357704818392,0.5069324891430546
std,0.09067558082477342,0.25848391091956074,0.47116688274341373,0.18265274612407947,0.13091582761683715,0.03122196618314259
