,generationtime,length_birth,length_final,growth_rate,fold_growth,division_ratio
mean,0.5253846153846154,2.9265875424298162,5.583652062463301,1.2095567516991135,0.629924973179625,0.5211309499106282
std,0.12963984875267096,0.5249749271006632,0.8122603019710888,0.16281407773614825,0.15143505385346046,0.03935887572811116
