,generationtime,length_birth,length_final,growth_rate,fold_growth,division_ratio
mean,0.5999999999999999,2.5114537328303883,5.326694777220921,1.2687955546723586,0.7248277077883043,0.4804000993321139
std,0.2709631942378503,0.35229041625585106,0.6991968542381007,0.25998537500731206,0.19520281616627616,0.04605044294155484
