,generationtime,length_birth,length_final,growth_rate,fold_growth,division_ratio
mean,0.5528571428571428,2.4228851961076456,4.817634209019982,1.1843487824158718,0.6438465293732891,0.5035872632166493
std,0.19017903992525242,0.5491077602199653,1.1962065110331952,0.32210559730072835,0.26311648508787444,0.062094637767184435
