,generationtime,length_birth,length_final,growth_rate,fold_growth,division_ratio
mean,0.5031914893617022,2.4352063519752725,4.842918287245004,1.3746268174502838,0.6857529870505968,0.5023899066838092
std,0.11628500189244052,0.3563830841396028,0.5767389113765999,0.17092780015839268,0.1637015191938954,0.03508223912799628
