,generationtime,length_birth,length_final,growth_rate,fold_growth,division_ratio
mean,0.4586538461538462,3.028485509579739,5.846813155023862,1.3984177229046035,0.6333264786807564,0.5220419855776494
std,0.1406292420174668,0.40329679959556947,1.321611547405095,0.19025767672747979,0.18576861016925134,0.05324979712687936
