,generationtime,length_birth,length_final,growth_rate,fold_growth,division_ratio
mean,0.4435483870967742,2.832130222222975,5.702834865071924,1.5284042791821337,0.673254746714444,0.5035225944907975
std,0.0642156983453306,0.3893570354874775,0.7260758254686182,0.14375412696981374,0.0877355322695883,0.028445237960132982
