,generationtime,length_birth,length_final,growth_rate,fold_growth,division_ratio
mean,0.4920454545454547,2.638969527582886,5.207130968846203,1.37326334173341,0.6717564854505716,0.5057454268321169
std,0.08555100601407992,0.34630205659107033,0.543302167658708,0.11816183916422547,0.10802024874369066,0.029682527169323028
