,generationtime,length_birth,length_final,growth_rate,fold_growth,division_ratio
mean,0.4555555555555557,2.6457567657575547,5.161683944068254,1.4614477750756836,0.6610510706160991,0.5104745173622316
std,0.08869138411458916,0.30792699119692274,0.5262899754423628,0.1562137877719559,0.1281155479861993,0.024958995969276275
