,generationtime,length_birth,length_final,growth_rate,fold_growth,division_ratio
mean,0.531081081081081,2.657209829634141,5.249812516055276,1.2653820403368738,0.6656375945737285,0.5044132186157453
std,0.14546446270450372,0.4773179590304359,0.7978265288832785,0.17283753857347703,0.1852148338636528,0.044890035292134305
