,generationtime,length_birth,length_final,growth_rate,fold_growth,division_ratio
mean,0.5589743589743589,2.617085814689879,5.34343472700346,1.2513812868830065,0.6955196258182236,0.49273230532535084
std,0.1111375362189351,0.3536444672336207,0.6354521504927876,0.12378630637137913,0.13163622434216285,0.02490133470267802
