,generationtime,length_birth,length_final,growth_rate,fold_growth,division_ratio
mean,0.5707547169811319,2.8451546255767184,5.606603244322219,1.170718407136909,0.660538460375054,0.5061835676851106
std,0.10894333489345188,0.3248274052434943,0.5536161775150971,0.13966960920975977,0.10620743431075096,0.028436021209369257
