,generationtime,length_birth,length_final,growth_rate,fold_growth,division_ratio
mean,0.4927083333333333,2.5212444447568356,4.91756657648333,1.3473501712179363,0.6552715133797922,0.5139488636294179
std,0.11714220460316932,0.33671868261958915,0.5962124017446149,0.20347558743810115,0.14139150429559338,0.03909825473407723
