,generationtime,length_birth,length_final,growth_rate,fold_growth,division_ratio
mean,0.4891304347826087,2.499768533846016,5.000224075723644,1.4294940581213622,0.6843370984864857,0.502319022866844
std,0.12770718717813712,0.43946589818250753,0.7533084179703414,0.2277848724930219,0.15080511939729324,0.03403859666836638
