,generationtime,length_birth,length_final,growth_rate,fold_growth,division_ratio
mean,0.4710526315789475,2.7272720803369297,5.262449379837634,1.3777296297515966,0.6419537149922375,0.5064851812486203
std,0.11912904483503714,0.4453879797395619,0.593713472146445,0.14018563877968562,0.1481880335386721,0.030805706036102345
