,generationtime,length_birth,length_final,growth_rate,fold_growth,division_ratio
mean,0.495945945945946,2.623642827505705,5.139782133605812,1.3937609212935578,0.6726145609040337,0.5212295968360767
std,0.12437531595625888,0.39195740068557683,0.7857539520869146,0.26224277737273055,0.15484833817614285,0.03944286147370857
