,generationtime,length_birth,length_final,growth_rate,fold_growth,division_ratio
mean,0.6453488372093024,3.20643001892244,6.144474446214178,1.0099988870536172,0.6338598921594815,0.5126150319358679
std,0.13575799261236707,0.45148764219021115,0.6359220117177626,0.18141733469352125,0.09795826386750524,0.03526457572854187
