,generationtime,length_birth,length_final,growth_rate,fold_growth,division_ratio
mean,0.5102564102564104,2.7508304407245734,5.369999370356134,1.268361809019764,0.646282288030516,0.5057106032728815
std,0.08898513120880545,0.44910949978485676,0.786921561178628,0.1412286739946629,0.12498142646951037,0.025590345542288995
