,generationtime,length_birth,length_final,growth_rate,fold_growth,division_ratio
mean,0.5295454545454547,2.9296601385511267,5.892790812939482,1.295277492693205,0.6797114353574772,0.4961507079645445
std,0.12355750758351673,0.4596931119939659,0.8947667617748603,0.13660580678949338,0.15280748618477313,0.02507861512749237
