,generationtime,length_birth,length_final,growth_rate,fold_growth,division_ratio
mean,0.47500000000000003,3.062188455714301,5.802650311917974,1.336062134728581,0.6307360127694382,0.524954074267601
std,0.14466710555123244,0.8303144848309516,1.283107200948684,0.15667004599352508,0.1891715941973141,0.03575874700277739
