,generationtime,length_birth,length_final,growth_rate,fold_growth,division_ratio
mean,0.4483870967741935,2.316181774798507,4.542636223724511,1.4895422507321552,0.6626627383503659,0.4984203620095625
std,0.11290399385299439,0.6369443759162763,1.127138907133029,0.19985965184616128,0.16362964450996625,0.039862283321332466
