,generationtime,length_birth,length_final,growth_rate,fold_growth,division_ratio
mean,0.5437500000000001,2.819136545796752,5.483615443261553,1.194945447600366,0.6517561884579783,0.5217491468868091
std,0.1345786500284435,0.48647973407535305,0.9260846749883447,0.12398512805696073,0.18532969679459962,0.03237026582546153
