,generationtime,length_birth,length_final,growth_rate,fold_growth,division_ratio
mean,0.5977777777777779,2.7323989963516815,5.4934458150025245,1.1410772256903814,0.6759270068611463,0.49639192247303404
std,0.0885203851429635,0.37440709959817847,0.6948205104443439,0.1259663020341164,0.08405195699924235,0.029807972961327023
