,generationtime,length_birth,length_final,growth_rate,fold_growth,division_ratio
mean,0.5738461538461536,2.840504466508789,5.818044827992648,1.2195767805567466,0.6840632520408244,0.4999500907506742
std,0.20636506114538494,0.35035479815380205,1.7003643412604064,0.12421588071253278,0.15267069567932093,0.04626221827552365
