,generationtime,length_birth,length_final,growth_rate,fold_growth,division_ratio
mean,0.6444444444444446,2.6880947050912396,5.52213585823589,1.0988976729161513,0.7035639009710645,0.4914562985313881
std,0.09375953110592346,0.30712859204130255,0.5324322728722155,0.10202625940111036,0.08657303006941355,0.02366858068670519
