,generationtime,length_birth,length_final,growth_rate,fold_growth,division_ratio
mean,0.5704545454545457,2.927225840459215,5.760203303907787,1.175777847908352,0.6610243470338455,0.4965431478096276
std,0.14954122936897346,0.5485279761909736,0.8856594897179257,0.12694687750259973,0.1587608730162199,0.027559390615878348
