,generationtime,length_birth,length_final,growth_rate,fold_growth,division_ratio
mean,0.5770833333333334,2.6435729687286877,5.361690564105893,1.2015472717764417,0.6871656654093661,0.4984886903503321
std,0.09438492725405692,0.3789356261514906,0.7894602944325428,0.15160108925113971,0.10799525527641554,0.03230401543306393
