,generationtime,length_birth,length_final,growth_rate,fold_growth,division_ratio
mean,0.49058823529411744,2.891418002175232,5.605926777258315,1.3072217094214404,0.6314149478125243,0.5167833166051585
std,0.11246536970887312,0.3416843068796161,0.5726756663479622,0.16277088120207708,0.12338561298292516,0.029469437788265305
