,generationtime,length_birth,length_final,growth_rate,fold_growth,division_ratio
mean,0.4814285714285715,2.309772266646068,4.575831107311489,1.409005859529348,0.6725174579433462,0.5189533917618627
std,0.09000466841300196,0.29572994083662313,0.48442120914251435,0.1832488247138604,0.12472502363918363,0.03512477953558728
