,generationtime,length_birth,length_final,growth_rate,fold_growth,division_ratio
mean,0.5222222222222224,2.5585810548512367,5.045358107374495,1.2679481335856073,0.6527225953769409,0.5089122163507539
std,0.10450184170929666,0.3029064174074728,0.5981051170352651,0.16225065617595003,0.10828589065631992,0.03020919511471136
