,generationtime,length_birth,length_final,growth_rate,fold_growth,division_ratio
mean,0.5919354838709678,2.6814936464410133,5.49357933061907,1.1746518052892572,0.6926414341550474,0.49129725365907617
std,0.09669261794775953,0.2366275747909804,0.5088026746192188,0.09710112936815932,0.10718370362429204,0.027233593901658776
