,generationtime,length_birth,length_final,growth_rate,fold_growth,division_ratio
mean,0.45678571428571446,2.5481478460039777,4.920909001231244,1.4363545965294062,0.6498373189917255,0.5184456835437677
std,0.10338547319419845,0.508000881814901,0.8561369267252598,0.2066939207272953,0.1490301651373326,0.036792597807614805
