,generationtime,length_birth,length_final,growth_rate,fold_growth,division_ratio
mean,0.6107142857142858,2.903352625956304,5.957892313165219,1.1555318486865893,0.6943526932764292,0.489524582310222
std,0.16438132963354166,0.7063456104580803,1.3233377161458788,0.1626340116904137,0.16672864271972967,0.04113561842955981
