,generationtime,length_birth,length_final,growth_rate,fold_growth,division_ratio
mean,0.49499999999999994,2.804720074453961,5.55705491331608,1.3529724405696812,0.6659342772589912,0.5050081560058783
std,0.07232405706795797,0.26824397493405294,0.4452573832397288,0.12411413715520435,0.08902287553341735,0.02478249453805153
