,generationtime,length_birth,length_final,growth_rate,fold_growth,division_ratio
mean,0.4556818181818183,2.541486280768303,4.995632755048534,1.4866285059971183,0.6724374738616786,0.508262187396947
std,0.0903584007824739,0.35227815888233655,0.5463650013752367,0.20146274551226814,0.1352484567577962,0.035523968628915534
