,generationtime,length_birth,length_final,growth_rate,fold_growth,division_ratio
mean,0.6027027027027028,2.5266801995634545,5.091216611182787,1.1255033778252799,0.6720374052726915,0.5027226660845839
std,0.11176981923798784,0.3169188406809779,0.6664038068440019,0.1652667396464519,0.12347699867724371,0.03264024236119078
