,generationtime,length_birth,length_final,growth_rate,fold_growth,division_ratio
mean,0.6099999999999999,2.446488541729681,5.152571920867367,1.1930739838989277,0.7195184754656343,0.48023690508966715
std,0.10992421631894093,0.27534135515308505,0.4770282468757696,0.143054235345862,0.10901062744436796,0.029355818347143302
