,generationtime,length_birth,length_final,growth_rate,fold_growth,division_ratio
mean,0.5604166666666667,2.5539593122789364,5.169797899290642,1.253479224908051,0.6961262280739189,0.50290450250681
std,0.09438492725405695,0.25679401023903825,0.590644780031129,0.14591735350623392,0.10940833727966942,0.030950587718000987
