,generationtime,length_birth,length_final,growth_rate,fold_growth,division_ratio
mean,0.46249999999999997,2.2792972853785414,4.472600158865056,1.4257857703599615,0.6580206141777605,0.5175484018080964
std,0.08732124598286493,0.3126752171813375,0.610270511909764,0.20410836619610476,0.14997985330097519,0.0400186894893294
