,generationtime,length_birth,length_final,growth_rate,fold_growth,division_ratio
mean,0.47142857142857153,2.157785396735173,4.332075375624656,1.4638405043141285,0.691505918661337,0.4979299126654726
std,0.10423077904121777,0.5806372518339699,0.9003625191405146,0.2803988776486405,0.19028625876020222,0.06157933617172401
