,generationtime,length_birth,length_final,growth_rate,fold_growth,division_ratio
mean,0.45957446808510644,2.455586919651538,4.932533820646904,1.5304200228342972,0.6953483384969007,0.5023588001294005
std,0.12142196361035153,0.44344869973687795,0.7466073489627622,0.18830063320195298,0.17777351179797712,0.032982206274512156
