,generationtime,length_birth,length_final,growth_rate,fold_growth,division_ratio
mean,0.46271186440677975,3.00324281091192,5.752585935963747,1.3639407976516373,0.6231557266186397,0.5236136485278743
std,0.09675476480247011,0.4145999130287053,0.7935166775335288,0.20013277989788614,0.12472550271668817,0.036056562439231644
