,generationtime,length_birth,length_final,growth_rate,fold_growth,division_ratio
mean,0.6670731707317076,2.3175233534183266,4.4668494625426325,1.0301144355596228,0.6425984759567102,0.5223895676310644
std,0.2780759240067272,0.5152153171257353,0.8428335870204156,0.26559156859131183,0.15517894621915673,0.046288382208602874
