,generationtime,length_birth,length_final,growth_rate,fold_growth,division_ratio
mean,0.4796052631578946,2.434541029024399,4.746397659041351,1.3908449595577355,0.6565122415248458,0.5154153740238469
std,0.09939068755134885,0.3053437231607463,0.5691873096607499,0.19020624061602137,0.1097199726465008,0.03365654148700384
