,generationtime,length_birth,length_final,growth_rate,fold_growth,division_ratio
mean,0.6336538461538459,2.5565584429995853,5.394205768701193,1.1370415803756142,0.7136269588883608,0.48269450542865455
std,0.12823123791445626,0.5324857228326021,1.4770438423482315,0.1356725614780179,0.12969613599688923,0.05194857936176795
