,generationtime,length_birth,length_final,growth_rate,fold_growth,division_ratio
mean,0.4802083333333335,2.400437924339403,4.624259492118034,1.3487066948731516,0.6458832096151825,0.5210118844672195
std,0.09906913233927177,0.3910206892445166,0.7151080986798071,0.17693856608515193,0.14814437653396467,0.029248772432617674
