,generationtime,length_birth,length_final,growth_rate,fold_growth,division_ratio
mean,0.45784313725490183,2.3868409100484533,4.6915170319555815,1.4683717721087262,0.670192117854836,0.5018697872695455
std,0.11152244124821144,0.3802139484208545,0.6407375066789972,0.22862907143206077,0.188403463201671,0.04564446149945723
