,generationtime,length_birth,length_final,growth_rate,fold_growth,division_ratio
mean,0.45169491525423733,2.8741131465735883,5.6871352823121715,1.4633879680498307,0.6553111136001077,0.5037770703193781
std,0.0819830205795979,0.4557464473036292,0.8059870364374601,0.17874672487251653,0.11152581147777484,0.03883249600587187
