,generationtime,length_birth,length_final,growth_rate,fold_growth,division_ratio
mean,0.4670454545454545,2.441456477304008,4.9059070551569715,1.4663285780576487,0.6733826411083323,0.5009110051582394
std,0.10226685442381664,0.3418486325831788,0.6580088139657452,0.22950857823085846,0.12331692011299636,0.029950690166669965
