,generationtime,length_birth,length_final,growth_rate,fold_growth,division_ratio
mean,0.5199999999999999,2.7088907555581216,5.414847873227935,1.3140033106772693,0.6817648344984946,0.5122214578071258
std,0.07847225456708949,0.42775099938142924,0.661417315277976,0.14780656086104912,0.1111698004078955,0.02753217810388427
