,generationtime,length_birth,length_final,growth_rate,fold_growth,division_ratio
mean,0.5564516129032258,2.700246901709083,5.472685886994539,1.260020228636969,0.6912406987767923,0.49652507697648696
std,0.1078130600343878,0.3247221073166051,0.5272820073969414,0.2017267787151843,0.12684230473189634,0.02517906079350059
