,generationtime,length_birth,length_final,growth_rate,fold_growth,division_ratio
mean,0.5980769230769232,2.698724403852033,5.637594257116329,1.2017402616243935,0.7132315700689744,0.4918111080326083
std,0.11872722453655625,0.4772432968826981,0.8414845748018326,0.11415962347077745,0.12455930467002688,0.026074498640814157
