,generationtime,length_birth,length_final,growth_rate,fold_growth,division_ratio
mean,0.45769230769230773,2.713729038372326,5.27253192392567,1.4282483474978165,0.6530501236228697,0.5113719844180751
std,0.07568847296168181,0.3168390695405317,0.4947590930819772,0.16022712475130235,0.12561875570762246,0.03840385586734674
