,generationtime,length_birth,length_final,growth_rate,fold_growth,division_ratio
mean,0.47006079027355635,2.6821438820363093,5.201826765224711,1.4020717646170489,0.654232623866783,0.5155794218639277
std,0.12405249164575444,0.6209503557342804,1.035345332930466,0.19402499679803975,0.1752670310186055,0.03639641397231079
