,generationtime,length_birth,length_final,growth_rate,fold_growth,division_ratio
mean,0.4534090909090908,2.4340484236259115,4.757736087559674,1.4403101569749404,0.6438398457528017,0.5144914935895681
std,0.09111564800176893,0.31515202423664185,0.45985496379046004,0.284905992413587,0.1424228648172434,0.054074871644932826
