,generationtime,length_birth,length_final,growth_rate,fold_growth,division_ratio
mean,0.4673913043478261,2.8731968852612995,5.449281298327994,1.345240806996424,0.6253954288778246,0.5207640745704148
std,0.06326117517549752,0.24600920348195576,0.4334757172973368,0.12339856240113359,0.08005462798037145,0.02667942679091353
