,generationtime,length_birth,length_final,growth_rate,fold_growth,division_ratio
mean,0.5869565217391306,2.3965540876646863,4.858165620964849,1.1793063190763693,0.6908468507009727,0.48809100022957863
std,0.12174618838941842,0.3298826765096021,0.6050925044681357,0.1515924220797269,0.15865182796846455,0.03750788472189011
