,generationtime,length_birth,length_final,growth_rate,fold_growth,division_ratio
mean,0.5887500000000001,2.854923361181597,5.783112468031312,1.1999223681286302,0.6977043309154278,0.5015348237590422
std,0.20923778033125073,0.836994609818624,1.5877822942882371,0.16520440382061913,0.23773548415734178,0.037010990828200176
