,generationtime,length_birth,length_final,growth_rate,fold_growth,division_ratio
mean,0.45952380952380945,2.7414259009003072,5.441518460968361,1.4863348365434157,0.6699703055562044,0.5180605460520378
std,0.12411592123801811,0.2569928133839212,0.6011667910629264,0.16295000103593024,0.14031392836069573,0.027811561387394577
