,generationtime,length_birth,length_final,growth_rate,fold_growth,division_ratio
mean,0.5886363636363636,2.722062062571256,5.6769846406341555,1.23910777977675,0.7275962953660389,0.4876435253228226
std,0.12240819512502517,0.4944629211928913,0.765930493886331,0.10180881560557015,0.15443773421047957,0.04055107180013288
