,generationtime,length_birth,length_final,growth_rate,fold_growth,division_ratio
mean,0.5874999999999999,2.694806826599305,5.412219690759392,1.1560247206812522,0.6746778822177876,0.5128128801192996
std,0.12445533509971594,0.23159290692018922,0.7703066545145437,0.13405054874131647,0.14582909446897327,0.0219146794602442
