,generationtime,length_birth,length_final,growth_rate,fold_growth,division_ratio
mean,0.648913043478261,2.588147791181781,5.310484733456463,1.0866053679313976,0.6983141401393607,0.4908446118567916
std,0.12944901428950928,0.411359373071493,0.7457464008280543,0.13230711900706152,0.1338534318455774,0.02960437968828698
