,generationtime,length_birth,length_final,growth_rate,fold_growth,division_ratio
mean,0.5345238095238094,2.9790181930556936,5.695944446133591,1.1917854212715209,0.6347527961317858,0.5217460464425138
std,0.09271520466124988,0.3640277846393992,0.5875823408950565,0.15095778266240356,0.1249627439756446,0.04444361242794487
