,generationtime,length_birth,length_final,growth_rate,fold_growth,division_ratio
mean,0.45522388059701474,2.407902487326333,4.704753849207628,1.412149044246546,0.6371347329250872,0.5222184940838633
std,0.11540524491221707,0.3699081594375993,1.5443079625964165,0.2382063375415394,0.18097408164874385,0.04789832842981564
