,generationtime,length_birth,length_final,growth_rate,fold_growth,division_ratio
mean,0.5529411764705886,2.3908406880807616,4.992377308211336,1.3149797311479599,0.7169298189376112,0.49611141285132354
std,0.14217981912268507,0.46142837418139093,1.1853250706363578,0.166473865879109,0.1542830999229163,0.0404347928520871
