,generationtime,length_birth,length_final,growth_rate,fold_growth,division_ratio
mean,0.5520833333333331,2.690962001461312,5.4537483690730175,1.2522550173325702,0.6873587322794728,0.48661807508809246
std,0.09106832444001643,0.3345916363303338,0.5660844629403373,0.13148018028853875,0.11342786882980173,0.02680636052543885
