,generationtime,length_birth,length_final,growth_rate,fold_growth,division_ratio
mean,0.5585714285714285,2.737771832191917,5.437495540732292,1.2078282168334957,0.6666784029159629,0.493456701619888
std,0.12034613943667216,0.4390986801320283,0.6196541388032994,0.1903463563694186,0.15038507550404762,0.04110768660765498
