,generationtime,length_birth,length_final,growth_rate,fold_growth,division_ratio
mean,0.6927272727272727,2.6844352296847798,5.546904627828408,1.0234501574908201,0.7031371359637182,0.4858576322535422
std,0.1136181803634036,0.30472255574309715,0.5666571497826817,0.09253911124419546,0.09996451211658271,0.02561019485709585
