,generationtime,length_birth,length_final,growth_rate,fold_growth,division_ratio
mean,0.45,2.5795239807963632,5.084809322990326,1.527884821863393,0.675272805221414,0.5095358672335009
std,0.1402944748824403,0.6113487201003122,0.9964510534752161,0.2039482422232235,0.1846996237719888,0.04446691875158911
