,generationtime,length_birth,length_final,growth_rate,fold_growth,division_ratio
mean,0.5461538461538463,2.5975648890068745,5.237284853379289,1.2680316562819272,0.6874686152273407,0.4912644263096453
std,0.12871820410639698,0.4670318076428489,0.7869263743065898,0.14088589264027224,0.15912873171216194,0.0348113311581876
