,generationtime,length_birth,length_final,growth_rate,fold_growth,division_ratio
mean,0.45660377358490545,2.623659079640017,5.086571231468737,1.4609746126803214,0.6573651672117488,0.514326424625594
std,0.10832542489089952,0.37560750557363043,0.6871360430823723,0.20031312218568012,0.13707948989754115,0.0362299348145429
