,generationtime,length_birth,length_final,growth_rate,fold_growth,division_ratio
mean,0.5652173913043478,2.9644957004955126,5.876660630418517,1.2115338969157265,0.6741439632864524,0.4966262111036794
std,0.1554396689498206,0.6902064526813301,1.03743681931514,0.16200545931894472,0.16656357677993036,0.03859464548387906
