,generationtime,length_birth,length_final,growth_rate,fold_growth,division_ratio
mean,0.6209677419354838,2.501128540840889,5.091020603695627,1.116997851129409,0.6860719089717521,0.48787415938943823
std,0.15852139369203308,0.3677498168233764,0.7176553607283668,0.12659242579924876,0.15707720497389654,0.029250794348323065
