,generationtime,length_birth,length_final,growth_rate,fold_growth,division_ratio
mean,0.5864583333333333,2.68560252096845,5.564600445629346,1.2271766511149413,0.7161287308193941,0.48191350813032696
std,0.18034823977142783,0.8507178083951726,1.505701431312768,0.15890600065860405,0.2293195270300277,0.03559976280889435
