,generationtime,length_birth,length_final,growth_rate,fold_growth,division_ratio
mean,0.5632352941176474,3.000325629997312,6.0931180219390075,1.226770109479489,0.6898360656743886,0.4884273519423895
std,0.10610802352306578,0.6531885958933057,1.2234155177921158,0.11468099057152531,0.13438720205762614,0.03775003041512407
