,generationtime,length_birth,length_final,growth_rate,fold_growth,division_ratio
mean,0.5217948717948718,2.180003509677554,4.2543118883123,1.2797672729384562,0.6576459826891302,0.5126968303667899
std,0.11066204067378851,0.2543694090042324,0.4400421293114465,0.18267369793699947,0.12375459570627252,0.03242889525143943
