,generationtime,length_birth,length_final,growth_rate,fold_growth,division_ratio
mean,0.4711538461538464,2.5799411123595437,4.982536602353183,1.4011420134642114,0.6591976322959895,0.5160963769792786
std,0.0650739224621921,0.3193089984281252,0.5725402195961405,0.1349019602770487,0.10399866815320515,0.02948884382536546
