,generationtime,length_birth,length_final,growth_rate,fold_growth,division_ratio
mean,0.5946428571428571,2.7889848524465797,5.6093254136239965,1.1635045069169823,0.6860940666535509,0.49664588611742033
std,0.14032982689884674,0.4221974275924137,0.5860249774739303,0.1152047689252317,0.15539266743067856,0.029983464124274623
