,generationtime,length_birth,length_final,growth_rate,fold_growth,division_ratio
mean,0.5529411764705883,2.872716187174486,5.5959296971316075,1.183539871801293,0.6478543192634362,0.5039896791681121
std,0.1363251951164178,0.5052216925448655,0.8017669211519388,0.1342329300029565,0.15137891041294457,0.03903600734259099
