,generationtime,length_birth,length_final,growth_rate,fold_growth,division_ratio
mean,0.5537037037037034,2.776613399182088,5.703109280764268,1.2655620821714781,0.6961877435049506,0.48989850936339036
std,0.08871510790372988,0.25621537771659875,0.48437812489709353,0.11981885101570357,0.09816713769628835,0.02964450559305182
