,generationtime,length_birth,length_final,growth_rate,fold_growth,division_ratio
mean,0.48750000000000004,2.654058977182905,5.2040614148011715,1.3440831125658,0.6491254340141329,0.5012192147366265
std,0.13335700547436916,0.3512318460050202,0.4232985144658159,0.14189451798364158,0.1705847697940279,0.03847953180270787
