,generationtime,length_birth,length_final,growth_rate,fold_growth,division_ratio
mean,0.4499999999999996,3.1290656230462925,6.1720029750046494,1.466005780462669,0.6503993428296496,0.507514815920886
std,0.12320134507614543,0.4274663354887957,0.8578741351740204,0.2107353682717655,0.16847694987773312,0.04665852002519751
