,generationtime,length_birth,length_final,growth_rate,fold_growth,division_ratio
mean,0.48863636363636365,3.107646569314012,5.943523458836581,1.2885204274057724,0.6248417317548315,0.519766678257771
std,0.0815501863911598,0.3381686755974513,0.5901741783220059,0.12743608536040485,0.09948557331143959,0.024985999205328208
