,generationtime,length_birth,length_final,growth_rate,fold_growth,division_ratio
mean,0.4775862068965519,3.325685236303781,6.48084707487373,1.37393644224839,0.6547829741300653,0.5128996684883421
std,0.08822273647720962,0.7569669038913903,1.3891732038431297,0.14449140225721546,0.13414814230127725,0.03758280297534576
