,generationtime,length_birth,length_final,growth_rate,fold_growth,division_ratio
mean,0.4444444444444444,2.9696349114962803,5.965039502284414,1.571981357706978,0.684818192834331,0.4962499974986863
std,0.12234099992005114,0.38188762986794905,0.6922573096017937,0.21093171042083875,0.1646559900397603,0.03690977730254073
