,generationtime,length_birth,length_final,growth_rate,fold_growth,division_ratio
mean,0.49166666666666653,2.682602153783408,5.158883199391718,1.3453327744115393,0.6589025829786157,0.5159475117983883
std,0.07019641181630328,0.2221543960772013,0.42588164907309267,0.10298541390806745,0.09073790533041583,0.024926736209205564
