,generationtime,length_birth,length_final,growth_rate,fold_growth,division_ratio
mean,0.6173076923076922,2.646305720143975,5.459717239165422,1.1599171689798884,0.7057950357444304,0.48068523737088553
std,0.19997115176560226,0.3668085265675059,0.5985325276542953,0.1262671797131913,0.18105822265247587,0.028605859577327582
