,generationtime,length_birth,length_final,growth_rate,fold_growth,division_ratio
mean,0.4999999999999999,3.1530493577274132,6.1776015296556945,1.3396878410024418,0.6588615120154112,0.5070553531277746
std,0.13490737563232041,0.5340814509100192,0.7780577705405061,0.148464385481076,0.15548500358334938,0.04157589570319423
