,generationtime,length_birth,length_final,growth_rate,fold_growth,division_ratio
mean,0.5454545454545454,2.7923179387220283,5.9446085367508115,1.3653703729572764,0.7245026312270302,0.5020048213901811
std,0.1876892983823871,0.44757883040500585,0.8398451652942527,0.18002481086448244,0.18228780640531506,0.02128289684007981
