,generationtime,length_birth,length_final,growth_rate,fold_growth,division_ratio
mean,0.6078947368421054,2.952454039823907,5.9373722202944395,1.1161213092158162,0.6755941001664207,0.5028135115943627
std,0.10309536832836007,0.3316036710986874,0.6451053819764792,0.08125752547743946,0.10419846793115133,0.02665426480559742
