,generationtime,length_birth,length_final,growth_rate,fold_growth,division_ratio
mean,0.544827586206897,3.0006918125920126,6.152054665266201,1.298859619805014,0.7007590817092574,0.4902265701257665
std,0.12693749503871152,0.4082422977443992,0.8224596537208283,0.13155150230576815,0.15012850606887132,0.02836831625221551
