,generationtime,length_birth,length_final,growth_rate,fold_growth,division_ratio
mean,0.4653846153846153,3.224144494841336,6.2871091653631686,1.4198255963402562,0.6526548717940543,0.505642344096888
std,0.11896993802573061,0.43738987680704566,0.7541248208749718,0.17277524909652975,0.14660618248927287,0.033496788001400546
