,generationtime,length_birth,length_final,growth_rate,fold_growth,division_ratio
mean,0.5750000000000003,2.7693376638304086,5.835570992503035,1.2685088111206877,0.7243591203759255,0.48282819156038886
std,0.10331058475817925,0.2493401924258599,0.39013913592678023,0.10846854084096705,0.11571421306835226,0.01774765447522102
