,generationtime,length_birth,length_final,growth_rate,fold_growth,division_ratio
mean,0.44444444444444453,2.5137436500642223,4.893002136171788,1.4589311077380465,0.6385269516223424,0.5343849366049603
std,0.1661757475835971,0.5684392585596444,1.3359371470852721,0.2835760806586324,0.2504205598252235,0.043358634195807
