,generationtime,length_birth,length_final,growth_rate,fold_growth,division_ratio
mean,0.4787234042553192,2.5574155762000776,4.906217919180772,1.3668108349139756,0.6455366062953746,0.5207829330075757
std,0.090135574728502,0.23467046421388274,0.524769727640905,0.18604405228229529,0.10666745846179343,0.036935796310013085
