,generationtime,length_birth,length_final,growth_rate,fold_growth,division_ratio
mean,0.45113636363636345,2.7520766642474226,5.45774199431415,1.483464248158551,0.6653296225735055,0.5055354633714353
std,0.07028896863698282,0.2222270595133351,0.3183640889168016,0.15949819498854376,0.1001849980993709,0.03789760443147059
