,generationtime,length_birth,length_final,growth_rate,fold_growth,division_ratio
mean,0.4775000000000005,2.4390646104948384,4.839002203859949,1.4228378838755262,0.6738334019696665,0.5046202311311919
std,0.07840558588159335,0.2555494579410454,0.4477674582043988,0.16685712379187637,0.10134674402141712,0.03610587257101925
