,generationtime,length_birth,length_final,growth_rate,fold_growth,division_ratio
mean,0.5151515151515151,2.6315720645723797,5.069980958784738,1.2643040029044768,0.6431495682227396,0.5233850823897233
std,0.15536491745486689,0.5458067831260947,1.0452034078424968,0.20653901268035063,0.1816115425678721,0.033429993269539104
