,generationtime,length_birth,length_final,growth_rate,fold_growth,division_ratio
mean,0.5426470588235295,3.2820412893416626,6.401945121515609,1.2269670566869764,0.6698900799037821,0.5035966620981217
std,0.18914975345876506,1.9630287116951606,2.8752770435899393,0.16360232883164716,0.2666564236638689,0.0902586354968844
