,generationtime,length_birth,length_final,growth_rate,fold_growth,division_ratio
mean,0.5156249999999973,2.2597781231088208,4.453691405100956,1.3008513372818433,0.667176827594428,0.510241722939964
std,0.08196798155377448,0.193585499718342,0.3944445337553172,0.14060264707980955,0.10339057321610998,0.031251077261824516
