,generationtime,length_birth,length_final,growth_rate,fold_growth,division_ratio
mean,0.4968749999999997,3.307695339258016,6.514935867306923,1.3699863233906717,0.678479418387674,0.5104543073302812
std,0.17365554986812257,0.9254137722531648,1.2953960508256153,0.1392226596338295,0.22265224067739808,0.045927363189623635
