,generationtime,length_birth,length_final,growth_rate,fold_growth,division_ratio
mean,0.6100000000000002,3.217890597193951,6.338529555694498,1.0962062508757802,0.6626515479947913,0.519876929626028
std,0.18955483239094362,1.8998333071593387,3.0580120539712876,0.09010318389031012,0.18455679368781033,0.06764887026716147
