,generationtime,length_birth,length_final,growth_rate,fold_growth,division_ratio
mean,0.4826923076923074,2.772016501448678,5.5322232612598174,1.3979888840236236,0.6708666755059952,0.506236484040163
std,0.07475601339331533,0.3621750757228163,0.6323852217585757,0.1246823874297228,0.09170854389926911,0.03189138335538822
