,generationtime,length_birth,length_final,growth_rate,fold_growth,division_ratio
mean,0.4457142857142856,2.9645402006697954,6.137203120794398,1.6091023290504018,0.7079468955140535,0.48891260560274735
std,0.11399911543221576,0.6373689751879611,1.2612548514377433,0.19768412820125678,0.16392204453769907,0.04430378728216468
