,generationtime,length_birth,length_final,growth_rate,fold_growth,division_ratio
mean,0.4903846153846151,3.154117045785956,6.162555245864862,1.356867357148801,0.6618254642488525,0.5122166409441836
std,0.15100942405640166,0.7681726574509277,1.1564756729245813,0.12591990190117971,0.19063972562682083,0.037996226158545886
