,generationtime,length_birth,length_final,growth_rate,fold_growth,division_ratio
mean,0.4685714285714285,2.861053891523242,5.47408596756087,1.4205584734345984,0.6612597619124224,0.527999416295119
std,0.21491643871573,0.7022483692784517,1.4254556647848553,0.19623535424670246,0.32119075648583567,0.06966642318039208
