,generationtime,length_birth,length_final,growth_rate,fold_growth,division_ratio
mean,0.5771428571428571,2.9501188952118365,5.906054604327553,1.1826434970985447,0.6794468811611194,0.4963520293186808
std,0.09036388365923269,0.3433114839851208,0.5194567961082844,0.08903856145635268,0.10009366209721535,0.025158303411626264
