,generationtime,length_birth,length_final,growth_rate,fold_growth,division_ratio
mean,0.5613636363636363,2.6491598248622092,5.442457492029402,1.2523844793896177,0.7017329880374032,0.4922375941612445
std,0.11119675631383594,0.2999156042601312,0.6150847071586786,0.08188515977666337,0.13963891366666303,0.028362394501829324
