,generationtime,length_birth,length_final,growth_rate,fold_growth,division_ratio
mean,0.5414285714285715,2.7498370959895495,5.482400264253334,1.2908651595656908,0.6828996872312721,0.5057886627683004
std,0.19799199013432303,0.574131181751087,1.0988961732764555,0.22525631015513442,0.25356409865614743,0.061419284673527676
