,generationtime,length_birth,length_final,growth_rate,fold_growth,division_ratio
mean,0.5283333333333333,2.852238587465749,5.607812237520006,1.2803233426187455,0.6574986885762191,0.5051323130045886
std,0.13665702046707248,0.44938678777062085,0.7641826811594342,0.20343850550499812,0.11858414425906146,0.027272682551652497
