,generationtime,length_birth,length_final,growth_rate,fold_growth,division_ratio
mean,0.47403846153846135,2.6110758878421794,5.16256366442712,1.4253426956371096,0.66388092179831,0.5063604472943265
std,0.14602255554193835,0.4843620287082225,0.8940043527602108,0.19993507721607987,0.1585862377155507,0.04157800842916754
