,generationtime,length_birth,length_final,growth_rate,fold_growth,division_ratio
mean,0.4897058823529412,2.7294229487811936,5.2615400708794855,1.3433147743664096,0.6571381796852814,0.521681090645112
std,0.17528306620344938,0.7463075529422921,1.2394597694282634,0.1635291375816162,0.23585154760312707,0.03754592872427048
