,generationtime,length_birth,length_final,growth_rate,fold_growth,division_ratio
mean,0.5049999999999999,2.954862009247721,5.984588207489822,1.4057938393892708,0.6889907418621086,0.4970080539533811
std,0.14222609067806505,0.5776852986670021,1.111504301463723,0.26085725308830765,0.15541667595493386,0.03676513613659204
