,generationtime,length_birth,length_final,growth_rate,fold_growth,division_ratio
mean,0.47100000000000014,3.109437071705845,6.037013986196469,1.3689330987027495,0.6371947974343333,0.51765266732594
std,0.14676442320387914,0.43342807819194407,1.3626777913602932,0.17290791602056102,0.1929777309550434,0.052751934236589616
