,generationtime,length_birth,length_final,growth_rate,fold_growth,division_ratio
mean,0.5821428571428571,2.615805283972283,5.327951953593284,1.1852423677069137,0.6847455823571246,0.48949807532037876
std,0.10293317295817776,0.3537019871036109,0.727485369898349,0.1051301301524229,0.10913596304011189,0.027363934964903438
