,generationtime,length_birth,length_final,growth_rate,fold_growth,division_ratio
mean,0.5454545454545454,2.910007307656583,5.720461624435893,1.2650767777620986,0.6676512149914926,0.5073449685654547
std,0.12659135033191796,0.43169751502926684,0.6930087439061733,0.2578850883061273,0.11878312328842411,0.031041580886777914
