,generationtime,length_birth,length_final,growth_rate,fold_growth,division_ratio
mean,0.5163043478260867,2.9348846858832,5.723371974122572,1.2879503809759272,0.6513392213826625,0.514971620305823
std,0.13866600473643578,0.45310368468726764,0.7261249914494768,0.19361518524374252,0.15194197398766343,0.03624697648236818
