,generationtime,length_birth,length_final,growth_rate,fold_growth,division_ratio
mean,0.6080357142857142,2.8177084756512314,5.691936856164579,1.1344279974193354,0.6852831117178674,0.49481860970792557
std,0.123868253220283,0.36636065369935705,0.5688035980982551,0.10056394536404682,0.1332518694239294,0.027085272700571303
