,generationtime,length_birth,length_final,growth_rate,fold_growth,division_ratio
mean,0.4875000000000003,2.66992429978001,5.206155596244915,1.3180246389803212,0.6328953139884597,0.5116067219290593
std,0.10026749936331038,0.371691639996356,0.7334012686371287,0.19276786684610425,0.10361440123945155,0.03456111440454561
