,generationtime,length_birth,length_final,growth_rate,fold_growth,division_ratio
mean,0.5465277777777775,2.4221717689465994,4.788873837393485,1.2576557188895225,0.6749402696013588,0.5058443175912721
std,0.11877496442968892,0.4204520853564887,0.7712988734515694,0.19148013292690153,0.12595564588172398,0.040966633687372786
