,generationtime,length_birth,length_final,growth_rate,fold_growth,division_ratio
mean,0.5317073170731709,2.8218388974764634,5.575528723454007,1.255587897425346,0.6589824748556841,0.5091868792480017
std,0.12133826687211194,0.34428975250338717,0.5777187972113972,0.14558955921613234,0.13628531420400034,0.031207338512378852
