,generationtime,length_birth,length_final,growth_rate,fold_growth,division_ratio
mean,0.5510416666666668,2.9548078370222264,5.997339959442335,1.2834795080390842,0.6947649951285323,0.49718817796147663
std,0.15280692285940067,0.5186579705569453,0.8760417020261867,0.16271188874475823,0.16410241662393243,0.031447909649424434
