,generationtime,length_birth,length_final,growth_rate,fold_growth,division_ratio
mean,0.5720588235294118,2.9732660630962338,5.934718386662633,1.1901687844787359,0.6736012446353632,0.49456997567483435
std,0.1355075623913317,0.45030661318322446,0.667343790679757,0.139826646877325,0.1513719337226369,0.033582787963226966
