,generationtime,length_birth,length_final,growth_rate,fold_growth,division_ratio
mean,0.5973214285714288,2.443570201045131,4.982837437337702,1.1962399695379253,0.6927344654957449,0.49224467783258014
std,0.14473161458278633,0.2841808908954908,0.6532506925558725,0.21801551831352503,0.11838665225011069,0.03220106682743411
