,generationtime,length_birth,length_final,growth_rate,fold_growth,division_ratio
mean,0.47179487179487184,2.4737447138226187,4.821505877880645,1.3979972362523039,0.6524317455655334,0.5112461047639807
std,0.08041682950021393,0.27429892462647343,0.5754813450457726,0.1760599266473918,0.09915969292818758,0.031383730462694576
