,generationtime,length_birth,length_final,growth_rate,fold_growth,division_ratio
mean,0.5347222222222222,2.898760437137657,5.905118548084392,1.3526235709300245,0.6967152244239433,0.4915474218481994
std,0.17961046916847764,0.42861139614130955,0.8942320873105892,0.272278871397763,0.18827693019989297,0.03472213665491167
