,generationtime,length_birth,length_final,growth_rate,fold_growth,division_ratio
mean,0.46900000000000014,2.665200527455828,5.2308718309404405,1.4242927173113287,0.6619902430423464,0.50185648101407
std,0.09196827314517822,0.5177363103974382,0.896280494885996,0.18081429789218248,0.1323878168143004,0.04771453500488316
