,generationtime,length_birth,length_final,growth_rate,fold_growth,division_ratio
mean,0.4527777777777779,2.4674737143217262,4.881615743045363,1.4834288465834355,0.6680716081613123,0.52015464686605
std,0.12244208219425019,0.4501385582176556,0.9633334000020455,0.23437322641566355,0.19978261141634301,0.04609725550685801
