,generationtime,length_birth,length_final,growth_rate,fold_growth,division_ratio
mean,0.5416666666666669,2.8940608001722157,5.986871387362157,1.4135283396366898,0.7066628485554847,0.49822578004374923
std,0.26071251311119237,0.9056934379986247,1.7448489803170064,0.772983329108439,0.3304668067199927,0.03551611703893347
