,generationtime,length_birth,length_final,growth_rate,fold_growth,division_ratio
mean,0.4585937500000001,2.740281193474048,5.513486386138122,1.4273263132556284,0.6562859115100097,0.5135877579415972
std,0.1492187824628071,0.8145094264616244,2.317327585296937,0.19728125371550415,0.24795546460178086,0.054644271268364686
