,generationtime,length_birth,length_final,growth_rate,fold_growth,division_ratio
mean,0.47272727272727283,3.348550484524903,6.407460532045447,1.3416102727631682,0.6354931063274631,0.5156660676211918
std,0.12220910332321781,0.961045784939804,1.7780666789962314,0.1468327646810695,0.19380724634024113,0.042845983185166116
