,generationtime,length_birth,length_final,growth_rate,fold_growth,division_ratio
mean,0.5490384615384616,3.0110232405305037,6.067400425059029,1.2650973269189114,0.6737634612417076,0.5026855213431487
std,0.16011343546746654,0.5842107299116651,1.4772460156881937,0.22284354064268383,0.15124012036836537,0.05131425658489815
