,generationtime,length_birth,length_final,growth_rate,fold_growth,division_ratio
mean,0.5090909090909091,2.885549105508162,5.755748975068968,1.341583400851918,0.6715055835094553,0.5150230024469153
std,0.14195603245905103,0.35611965189478095,0.6503175109041907,0.15896426270422492,0.1471355446575503,0.02518324109822464
