,generationtime,length_birth,length_final,growth_rate,fold_growth,division_ratio
mean,0.5625000000000001,2.6818034258628503,5.421317027185439,1.2407294776532045,0.6861041070703804,0.502153642572462
std,0.11570720761792166,0.34658434142445477,0.6117853534796768,0.16523487608550294,0.09558409228967582,0.020802285927034887
