,generationtime,length_birth,length_final,growth_rate,fold_growth,division_ratio
mean,0.5369565217391301,2.6076287670981673,5.18939843870138,1.2894102571964023,0.6756647382768437,0.5039870558543297
std,0.15650160901149993,0.5543029922356126,0.7517023214643255,0.2060926779297833,0.16838761834389898,0.045693328205459856
