,generationtime,length_birth,length_final,growth_rate,fold_growth,division_ratio
mean,0.6066666666666666,2.803456227597445,5.853006184204327,1.173931734992386,0.6963913498027424,0.49173937635804005
std,0.21082297712444859,0.37528409090604803,1.7796859503259226,0.12045308099435621,0.15490747207999853,0.04674521062483968
