,generationtime,length_birth,length_final,growth_rate,fold_growth,division_ratio
mean,0.4836538461538461,2.7905805337654783,5.424447017177973,1.3521835505824598,0.6506312478066442,0.5183505895806507
std,0.12355881105303093,0.6909809679868215,1.1927538908486053,0.1653714119346902,0.1660122756062523,0.04072466261858447
