,generationtime,length_birth,length_final,growth_rate,fold_growth,division_ratio
mean,0.5222222222222223,2.5664887856286693,5.120601231545458,1.3035901536224856,0.6707427107016645,0.497347632456806
std,0.12157250599472083,0.3636300512549693,0.5406778410706768,0.17926906955237307,0.13725953354015452,0.0321524783172977
