,generationtime,length_birth,length_final,growth_rate,fold_growth,division_ratio
mean,0.5203125000000001,2.907261411329653,5.585293326683667,1.2569416586764843,0.6414740296978583,0.522547689139808
std,0.10069065930347143,0.37961957249179756,0.7238085715613309,0.259687529306915,0.12813543866212684,0.040670169092385265
