,generationtime,length_birth,length_final,growth_rate,fold_growth,division_ratio
mean,0.5366666666666667,2.648364687998373,5.168645755342741,1.2252023446372473,0.6560504632759769,0.5083535139594352
std,0.08899179866642237,0.35749372550735503,0.5901437660385103,0.132740996913646,0.12437105719133558,0.029994279989802374
