,generationtime,length_birth,length_final,growth_rate,fold_growth,division_ratio
mean,0.5645833333333333,2.5898327622144337,5.291553446018017,1.2540780098305817,0.6920305254803111,0.48942700374912235
std,0.14631648742624193,0.336672006193405,0.43697484032305106,0.1841412211960997,0.14623708252676546,0.03571221557517445
