,generationtime,length_birth,length_final,growth_rate,fold_growth,division_ratio
mean,0.4729999999999998,2.8436919060712462,5.518578151908223,1.3825509838338843,0.6479306018322404,0.5073811379238355
std,0.14680613344246388,0.8976376969605611,1.3762972952160173,0.14485909550670217,0.19854267606197362,0.0434029119300127
