,generationtime,length_birth,length_final,growth_rate,fold_growth,division_ratio
mean,0.5375000000000001,2.8569442636185958,5.635460013275168,1.2674127805871631,0.6734028621329008,0.5065524335933712
std,0.1294423390894036,0.4659252570489136,0.9018003767242563,0.12647857544543833,0.1357784433092361,0.0302023696496224
