,generationtime,length_birth,length_final,growth_rate,fold_growth,division_ratio
mean,0.4708333333333336,2.8412749624318767,5.692513958890847,1.4729492550802352,0.6868741110188347,0.5049060058760764
std,0.11854776011621537,0.6614175210638688,1.195302583017736,0.16511583757752535,0.15894497698840307,0.0381100179914177
