,generationtime,length_birth,length_final,growth_rate,fold_growth,division_ratio
mean,0.47115384615384587,2.69700022027503,5.3760119759563505,1.4727566142722623,0.6758773921570119,0.5024790067149163
std,0.15635121156379336,0.459100181818119,0.812118741331305,0.19622820027139812,0.1538999949021319,0.04130097260054405
