,generationtime,length_birth,length_final,growth_rate,fold_growth,division_ratio
mean,0.5607142857142856,2.746892647036307,5.5623538017720255,1.2519448630733776,0.6817532134001443,0.49656141150769806
std,0.1446339847582109,0.3943516507063791,0.7401900298654995,0.22281087623070708,0.13115783277433252,0.025180520566048702
