,generationtime,length_birth,length_final,growth_rate,fold_growth,division_ratio
mean,0.46057692307692305,2.385683473088227,4.741462408993995,1.4783909524330385,0.6706230509022457,0.5079292863006721
std,0.090930127485144,0.38092172154333714,0.6606613181986324,0.32570735787054955,0.1529587743958304,0.044618373038269515
