,generationtime,length_birth,length_final,growth_rate,fold_growth,division_ratio
mean,0.5424999999999999,2.732069051615571,5.634712174550653,1.3084839651970026,0.7059087542949196,0.4866743742132146
std,0.07122056178557304,0.3407489177032034,0.6238949540431096,0.10063931410122204,0.07484596697917018,0.03220564671685888
