,generationtime,length_birth,length_final,growth_rate,fold_growth,division_ratio
mean,0.5431034482758621,2.6395854213765095,5.3220044796137165,1.2761885227529546,0.6870296412904698,0.4919079163012991
std,0.11677248679424186,0.5150793401609515,0.8720018688388508,0.13840553296159447,0.1426045123386113,0.032001348000592886
