,generationtime,length_birth,length_final,growth_rate,fold_growth,division_ratio
mean,0.48400000000000026,2.6993366243894963,5.245056841575258,1.379386324761695,0.6542656985980713,0.5160110677641185
std,0.10853382807555749,0.4888378523628312,0.907805926585991,0.20887472550438946,0.1257123757477104,0.03856704360185413
