,generationtime,length_birth,length_final,growth_rate,fold_growth,division_ratio
mean,0.5270833333333335,2.7240018189248967,5.435422391813113,1.28977297282076,0.6700784775972072,0.5036507299029153
std,0.1233404326198047,0.40295323900603386,0.7731392127460153,0.17540210381545143,0.14659467769800213,0.037667970276666705
