,generationtime,length_birth,length_final,growth_rate,fold_growth,division_ratio
mean,0.45172413793103433,2.95621995538829,5.764838132592086,1.4734150217046886,0.65613748485215,0.507329966431155
std,0.10920988855417685,0.5119206420087857,0.7789274312233699,0.17802619548961973,0.14379070781028253,0.04122844418987729
