,generationtime,length_birth,length_final,growth_rate,fold_growth,division_ratio
mean,0.45416666666666666,2.850030181931249,5.50263010337111,1.4181518119541137,0.6340831600183746,0.5114442285356172
std,0.10520855754029775,0.32287199850825593,0.5751656213660827,0.17917112223529943,0.12284179203203795,0.029529960588314436
