,generationtime,length_birth,length_final,growth_rate,fold_growth,division_ratio
mean,0.47738095238095224,2.7485587700044,5.340985416656973,1.3452030840116205,0.6396888598913387,0.5156767930125482
std,0.0973766633879805,0.6491892050835317,1.2333677901667577,0.16794759852431934,0.14384032113645198,0.02772114438915277
