,generationtime,length_birth,length_final,growth_rate,fold_growth,division_ratio
mean,0.4988636363636363,2.970418397532224,5.821883843737037,1.3116260023396,0.6479625803533039,0.5089772667016563
std,0.11841318482604837,0.43825117362739,0.8720538855873234,0.13454617249773176,0.14517865493801138,0.02784848110510931
