,generationtime,length_birth,length_final,growth_rate,fold_growth,division_ratio
mean,0.5208333333333334,2.6187432675742612,5.212150214130499,1.3112494804426273,0.680073492239853,0.4945118642495459
std,0.07281084012505493,0.2869605010093465,0.5092926622594451,0.12409388787468707,0.09799118524945097,0.032185991245061885
