,generationtime,length_birth,length_final,growth_rate,fold_growth,division_ratio
mean,0.5249999999999999,2.9074656970495067,5.74769673710587,1.2889434178788453,0.6689705982162738,0.5096797780853963
std,0.09605306073306809,0.24188611105284227,0.549105629510866,0.14448860847526168,0.09995785096738875,0.030431049928166053
