,generationtime,length_birth,length_final,growth_rate,fold_growth,division_ratio
mean,0.5378571428571429,3.014569421489997,5.9495780164727545,1.2852251625554976,0.6727127679575802,0.5117353358370409
std,0.2087637375998187,0.7878205653931535,1.598169874121223,0.22197305903148937,0.25627121420947496,0.058615931504127965
