,generationtime,length_birth,length_final,growth_rate,fold_growth,division_ratio
mean,0.5849999999999999,2.710327066557056,5.444791351580407,1.1596051865927917,0.6716699522203211,0.49552581311785643
std,0.11323442011290158,0.31713088400999206,0.6212944435083836,0.11757851161122689,0.11354989247920248,0.02855599287498788
