,generationtime,length_birth,length_final,growth_rate,fold_growth,division_ratio
mean,0.5346590909090908,2.6461318176156885,5.264893090778808,1.2703417558549992,0.6696787202347294,0.5004762726643562
std,0.13138474573046244,0.40684233619730537,0.72975344336688,0.17664755361641124,0.14471255046102885,0.03602909191153831
