,generationtime,length_birth,length_final,growth_rate,fold_growth,division_ratio
mean,0.5114285714285713,2.9573295479408155,6.021628862560976,1.3958729130744734,0.6936968883375866,0.49263231746071423
std,0.12193233707272465,0.5090775750618927,0.9655689009803606,0.26333625168837305,0.13585242460731792,0.036023552117046054
