,generationtime,length_birth,length_final,growth_rate,fold_growth,division_ratio
mean,0.7295454545454544,2.963091371577454,6.301066988177151,1.2114790773170436,0.7062217495804629,0.5046910949668966
std,0.9804832495241328,0.5437827588272276,3.0019590842721997,0.3434333057332384,0.29653565161531453,0.0916501053902726
