,generationtime,length_birth,length_final,growth_rate,fold_growth,division_ratio
mean,0.5863636363636364,2.497838902773944,4.84847986197229,1.1133904568340909,0.6447406499238286,0.5137082243766344
std,0.13354018486027294,0.5072936861875762,0.9132355895130823,0.1540258630029188,0.1404418703099555,0.03895360500104403
