,generationtime,length_birth,length_final,growth_rate,fold_growth,division_ratio
mean,0.5166666666666666,2.976564419400489,5.717362141268011,1.2527301779898985,0.6324165167600942,0.5113489428943994
std,0.1430419270976222,0.534891159076342,0.8149076610052555,0.1891330965688366,0.16216635685361455,0.028760186293012562
