,generationtime,length_birth,length_final,growth_rate,fold_growth,division_ratio
mean,0.48106060606060624,2.927170961198125,5.765806556242706,1.3911356747536028,0.66485843619281,0.5059900815993162
std,0.09678093880796015,0.5282776375351327,0.8962305785554718,0.14761034086142005,0.12980559838862712,0.03183967801689574
