,generationtime,length_birth,length_final,growth_rate,fold_growth,division_ratio
0,0.7,2.704686792343145,5.5029239205430605,0.9939319551167357,0.695752368581715,0.4387143622822396
1,0.6499999999999999,2.4142117584887304,4.996243372129361,1.101902079461665,0.7162363516500821,0.4910967930670669
2,0.6500000000000001,2.453639097435317,4.959789848009605,1.0696110988438574,0.6952472142485074,0.481263710438521
3,0.6000000000000001,2.386966865248411,4.722127084873295,1.1339511910164173,0.6803707146098504,0.4988091549128677
4,0.7000000000000002,2.3554402205968117,5.4347521718372205,1.1592400940490077,0.8114680658343056,0.4730896756478384
5,0.5499999999999998,2.571125142200856,5.02032938827835,1.2183287944212682,0.6700808369316973,0.4786563565269778
6,0.7999999999999998,2.4030125735586263,5.965652562169229,1.1061728797987342,0.8849383038389872,0.48563688921422904
7,0.5,2.8971409524247593,5.7683162744821495,1.341689616549689,0.6708448082748445,0.48126907253865314
8,0.6500000000000004,2.776112223529643,6.1155556757141145,1.1718958165124091,0.7617322807330663,0.4537040515593861
