,generationtime,length_birth,length_final,growth_rate,fold_growth,division_ratio
0,0.5,2.2361015134513242,4.786239123748591,1.4618227328883566,0.7309113664441783,0.41962445419038835
1,0.6499999999999999,2.008422979927685,5.027970653887285,1.397022506067218,0.9080646289436916,0.5023707562885561
2,0.6000000000000001,2.525905419990021,5.670107595431355,1.298821906491055,0.779293143894633,0.5091459383146295
3,0.3500000000000001,2.886912252020805,4.742890143826809,1.4401257596330854,0.50404401587158,0.5144773126924203
4,0.6000000000000001,2.4401093755913834,5.552794660391834,1.3084027938947833,0.78504167633687,0.5082298074705549
5,0.44999999999999973,2.822095761174467,4.774620641967303,1.1031655408113858,0.49642449336512334,0.5463081375277925
6,0.44999999999999973,2.6084141103149103,3.9998969523035885,0.9202033241413393,0.41409149586360244,0.5513360214006788
7,0.5999999999999996,2.205287271695761,4.510422578596341,1.1119204480094644,0.6671522688056782,0.543303751434313
8,1.6500000000000004,2.4505295075054194,6.169552931576512,0.5964290194034596,0.9841078820157085,0.47894707214701626
