,generationtime,length_birth,length_final,growth_rate,fold_growth,division_ratio
0,0.7,2.3381003145347563,4.829590585868799,1.0137057743686642,0.7095940420580649,0.5069907554670704
1,0.6499999999999999,2.4485577797262734,5.299117519400856,1.1742329377809975,0.7632514095576483,0.5086554263671924
2,0.6500000000000001,2.6954248812007013,5.81186668930987,1.1439317275476524,0.7435556229059742,0.48859703914654906
3,0.5500000000000003,2.839660856311259,5.418167952560506,1.1163521367672384,0.6139936752219814,0.5038708361420526
4,0.7000000000000002,2.7300568166147356,5.837981717053419,1.0488403147594967,0.7341882203316479,0.5312166416670047
5,0.5499999999999998,3.101233041846491,5.8189488371184135,1.1134277869806746,0.6123852828393708,0.5218215552153036
6,0.8500000000000005,3.036452931903413,6.847682205640589,0.9189744108267457,0.7811282492027344,0.5079432177099462
7,0.5,3.478233733388222,5.796815819794227,1.0046493522631426,0.5023246761315713,0.4753728246601387
8,0.6500000000000004,2.755648710290159,5.252583823462948,0.9493201454263264,0.6170580945271125,0.5195050110019502
