,generationtime,length_birth,length_final,growth_rate,fold_growth,division_ratio
0,0.4,2.885573832197951,5.529759569755893,1.6018202454122545,0.6407280981649018,0.48156316839429414
1,0.44999999999999996,2.6629285388703163,5.847788934434895,1.679791969335873,0.7559063862011427,0.4913936782977689
2,0.55,2.8735665144009537,6.35496677873625,1.4437510459443357,0.7940630752693847,0.5292326098727008
3,0.3500000000000001,3.363255653964896,5.800863620631985,1.5299642482527074,0.5354874868884477,0.5182010172998329
4,0.8000000000000003,3.0060134294290863,8.32413916676651,1.2591957677869892,1.0073566142295918,0.5331705405361313
5,0.25,4.4381857790428825,6.7727558311936455,1.592358302599608,0.398089575649902,0.5054900513615268
6,0.3999999999999999,3.423560692969156,5.769062214033919,1.292171606162204,0.5168686424648815,0.48084507111694774
7,0.5500000000000003,2.774025130585236,5.85010768947254,1.3013049049598657,0.7157176977279265,0.499010274327935
8,0.4500000000000002,2.919263842971654,5.396453297715455,1.2756625306037508,0.574048138771688,0.5673402160888934
