,generationtime,length_birth,length_final,growth_rate,fold_growth,division_ratio
mean,0.4890625,2.481425372565334,4.806359294068635,1.364560990343132,0.6528267397578016,0.5202023551410645
std,0.16657590730575908,0.5101961115332596,1.0929978752032385,0.26252924532157706,0.22711503898080387,0.052711426084049245
