,generationtime,length_birth,length_final,growth_rate,fold_growth,division_ratio
mean,0.46909090909090884,3.1132715251245,6.117010521611412,1.4476610867067548,0.6653174038935068,0.5072850316541879
std,0.12453279691879358,0.5515120700970929,0.8325528345300942,0.19542656851770773,0.15039533015441314,0.04557413745795664
