,generationtime,length_birth,length_final,growth_rate,fold_growth,division_ratio
mean,0.5595238095238095,2.894068661517063,5.826808850487389,1.2230132698592524,0.6825010415681186,0.4968780341309313
std,0.08281487968552947,0.41350006969482284,0.6658610239725762,0.11910087586193324,0.11120565450298327,0.03344148120814974
