,generationtime,length_birth,length_final,growth_rate,fold_growth,division_ratio
mean,0.470258620689655,3.239654277840459,6.161650808290139,1.3496520151629579,0.6295489484012304,0.5232911608229152
std,0.11609187671013403,0.5598886021744734,1.0221685955441735,0.17902300086636197,0.155418388624049,0.041000498546106476
