,generationtime,length_birth,length_final,growth_rate,fold_growth,division_ratio
mean,0.46268656716417916,3.0530861493269956,6.39681906035291,1.5460057393279407,0.7129639666533207,0.48959051278632765
std,0.1577164898812464,0.8182098815602747,2.144276073106354,0.2068462290185655,0.2516009588933197,0.053923887327092
