,generationtime,length_birth,length_final,growth_rate,fold_growth,division_ratio
mean,0.5538461538461538,2.8645725664780746,5.804304970322489,1.2456384991344867,0.6846977183145084,0.4989338833532926
std,0.09992304731449786,0.3901402861867685,0.6841501160140373,0.12056617395385393,0.11276744985807542,0.030010441284832233
