,generationtime,length_birth,length_final,growth_rate,fold_growth,division_ratio
mean,0.46084337349397625,2.542120624215119,4.985405286637618,1.4529094215019178,0.6651151760349496,0.5104456909545781
std,0.08591267289574053,0.30245952082288724,0.5200264885812786,0.17151641242044766,0.12541289722624646,0.0344043045315074
