,generationtime,length_birth,length_final,growth_rate,fold_growth,division_ratio
mean,0.5357142857142859,2.6941836682300675,5.348444872967784,1.269461714435982,0.67521189657041,0.49461296742382815
std,0.12124891216542417,0.4875748207550141,0.7904964401433636,0.1513185161721245,0.15641014562451483,0.03364700740120515
