,generationtime,length_birth,length_final,growth_rate,fold_growth,division_ratio
mean,0.4511111111111111,2.411906390546234,4.6714557816399696,1.4528992772630924,0.6490083681408748,0.5117116943881913
std,0.0661342375304756,0.23581410373626607,0.5234377185381501,0.19557400446534698,0.08930220504544126,0.027345041715802453
