,generationtime,length_birth,length_final,growth_rate,fold_growth,division_ratio
mean,0.5897435897435898,2.6266492641527894,5.294262039806178,1.161785835829201,0.6792884187850684,0.4965007782683548
std,0.13204924328643403,0.3664687625929933,0.6685369369157532,0.09938428887830164,0.13473257092461083,0.02678322726078173
