,generationtime,length_birth,length_final,growth_rate,fold_growth,division_ratio
mean,0.595,2.6930769890140054,5.500935012895541,1.1756075378260349,0.6939208222227249,0.48398668436772896
std,0.10374564036496585,0.2805727432214577,0.4750096055275849,0.1075402587488625,0.09530232937699115,0.030606398528207422
