,generationtime,length_birth,length_final,growth_rate,fold_growth,division_ratio
mean,0.738888888888889,2.777166604437024,5.936539816840244,1.1483958093244162,0.7047695369186165,0.4884039028246018
std,0.8829946133354877,0.47584187400758987,2.7718941821515424,0.3207780486671337,0.2751248111962632,0.08122834436817912
