,generationtime,length_birth,length_final,growth_rate,fold_growth,division_ratio
mean,0.5015151515151517,2.663864920980776,5.204039024730684,1.3479883809652744,0.6663398331489223,0.5159728890661573
std,0.1773674362987961,0.5861555459288824,1.1377528020208996,0.21563099709510603,0.248363082153811,0.059893049786541516
