,generationtime,length_birth,length_final,growth_rate,fold_growth,division_ratio
mean,0.4757575757575756,3.06885731198861,6.092251191475431,1.3968022819147492,0.6609714504555259,0.5038841960239697
std,0.13699977880981923,0.7065938228433154,1.0642609332094255,0.14618106383765198,0.17978913459082949,0.03883590861887418
