,generationtime,length_birth,length_final,growth_rate,fold_growth,division_ratio
mean,0.6390243902439025,2.7592675344396445,5.752923640933594,1.1263200032578076,0.7120939039548517,0.488588712849425
std,0.12575382455513626,0.3491283190601681,0.6815809600955791,0.13094722274143264,0.12039320130686394,0.02236602022538134
