,generationtime,length_birth,length_final,growth_rate,fold_growth,division_ratio
mean,0.5707142857142855,2.947651356518742,5.8690139492563995,1.192564423413341,0.6747407346856417,0.5007277658113479
std,0.11993139861050078,0.43861942620615807,0.7511776719180803,0.10450155031263492,0.12482441267251748,0.02557135934455151
