,generationtime,length_birth,length_final,growth_rate,fold_growth,division_ratio
mean,0.5508021390374331,2.984920597321895,6.015514950109978,1.264804056087125,0.6861213644548974,0.495265033732584
std,0.13008226675620402,0.462706164626432,0.7638988177702833,0.174974942626591,0.1433824359514482,0.0348364673665518
