,generationtime,length_birth,length_final,growth_rate,fold_growth,division_ratio
mean,0.45,2.7920646814232652,5.278916694368562,1.4225742010184315,0.6371419206169397,0.5257829441355932
std,0.12692955176439855,0.5487527972047241,0.8554852927416998,0.22687931895087105,0.18863030706066697,0.03799553183790392
