,generationtime,length_birth,length_final,growth_rate,fold_growth,division_ratio
mean,0.484848484848485,2.6523160527726923,5.179453991896529,1.3698114649245963,0.6662777906122304,0.5050232988375244
std,0.17297256307217537,0.7580469684715224,1.2126179299281692,0.15959763657021522,0.24115945293076052,0.03867621426754809
