,generationtime,length_birth,length_final,growth_rate,fold_growth,division_ratio
mean,0.5676470588235295,2.828842268524366,5.742324905060305,1.2282140269832085,0.6910965011473669,0.4924139049364361
std,0.13135791548583667,0.4248925254908067,0.8537016395459824,0.13345228377305854,0.15661635876247568,0.01981196639793676
