,generationtime,length_birth,length_final,growth_rate,fold_growth,division_ratio
mean,0.48524229074889935,2.4620655939188487,4.815486416995491,1.3729552701663974,0.6624000469804324,0.512158467533423
std,0.09531182345493364,0.3225120389360062,0.6224462449733902,0.1731145739196326,0.13530837464912793,0.03275842101058593
