,generationtime,length_birth,length_final,growth_rate,fold_growth,division_ratio
mean,0.56125,2.8514076823656267,5.676443629169142,1.2088662639407253,0.6679202935568042,0.5026820377836372
std,0.1151851909106731,0.3565536679867697,0.6257426662799308,0.16254655527078118,0.10965090640219168,0.0277307778051575
