,generationtime,length_birth,length_final,growth_rate,fold_growth,division_ratio
mean,0.6044642857142856,2.852605465780175,5.778988944737195,1.1511387698005977,0.690424653427374,0.4919915081831269
std,0.12730663973053608,0.4098886424650892,0.6245187474385355,0.11099387292624054,0.13803429843233953,0.02981116547525481
