,generationtime,length_birth,length_final,growth_rate,fold_growth,division_ratio
mean,0.4694444444444449,3.017928016542484,5.991009510112324,1.4304705341610873,0.6602548285054497,0.5029300311121855
std,0.13270686158263054,0.6039060037143398,1.1207029455140922,0.16967342547083972,0.15337787628909655,0.03491192432208163
