,generationtime,length_birth,length_final,growth_rate,fold_growth,division_ratio
mean,0.5239669421487606,3.014725822362203,6.087090280442708,1.3214568616699738,0.6872860172789119,0.4949219137391564
std,0.1171002372531257,0.422802858917574,0.7288167715532006,0.14429199209862603,0.1467566907489739,0.03106009736636912
