,generationtime,length_birth,length_final,growth_rate,fold_growth,division_ratio
mean,0.477586206896552,3.2097821678484704,6.305239457111233,1.388080239610362,0.6594101692341712,0.5092128471868808
std,0.08490056815522082,0.6077236262054384,1.1021922796541248,0.15894854124075783,0.12253602406351426,0.03490572183277023
