,generationtime,length_birth,length_final,growth_rate,fold_growth,division_ratio
mean,0.44444444444444436,2.738430236447394,5.319331218500403,1.4976542602968208,0.6594913312076418,0.5161861402555522
std,0.08869138411458943,0.3924807155653049,0.694700066183952,0.20479255312907635,0.13281868405589908,0.0359319210700883
