,generationtime,length_birth,length_final,growth_rate,fold_growth,division_ratio
mean,0.461627906976744,3.0099857361934816,5.904583466527363,1.4174722636159975,0.6500141904418513,0.5107304366693094
std,0.08767400131256697,0.4394782676792739,0.7725111856620293,0.1894107343994239,0.12982310091581434,0.032662149057005825
