,generationtime,length_birth,length_final,growth_rate,fold_growth,division_ratio
mean,0.5614035087719298,2.861591962566516,5.780328173148154,1.227956925455198,0.6833244378865247,0.49660616702432675
std,0.12726446015851423,0.5381827579649928,0.962906802026531,0.14295642931124672,0.1490041749600945,0.03330921518814145
