,generationtime,length_birth,length_final,growth_rate,fold_growth,division_ratio
mean,0.46428571428571397,2.992226496393705,5.865729589990511,1.4172678571371318,0.6512202297319404,0.506234900942529
std,0.12049680709247257,0.4303488403780056,0.8112813235029183,0.1849346094707219,0.16072667518108297,0.04298409529299766
