,generationtime,length_birth,length_final,growth_rate,fold_growth,division_ratio
mean,0.48518518518518516,2.8802437372894443,5.857058869158726,1.441829007214896,0.6900706816804023,0.4972391346107974
std,0.11669718770490402,0.38799676898778224,0.6004938811518314,0.18349764440485886,0.1443714702672212,0.027613540424466024
