,generationtime,length_birth,length_final,growth_rate,fold_growth,division_ratio
mean,0.5851851851851849,3.0220464376422003,6.110489324318377,1.1879069792992327,0.6869250056672719,0.49882428131309126
std,0.15305530348839919,0.5432681697427594,0.8913505360982448,0.10053941674173576,0.15409040781865993,0.029252213638574512
