,generationtime,length_birth,length_final,growth_rate,fold_growth,division_ratio
mean,0.6279411764705881,2.58583736168576,5.31965727275891,1.188534980605733,0.7157664243971532,0.48134923145820574
std,0.204565754587832,0.888383311545072,1.2771884650045853,0.3040805590947383,0.23086861816747897,0.07568358492763122
