,generationtime,length_birth,length_final,growth_rate,fold_growth,division_ratio
mean,0.4467391304347827,2.4639147273052533,4.744452074030559,1.468561453043585,0.6458316217847758,0.5212941945151508
std,0.10295747445374574,0.30386113291969696,0.5460298312202292,0.2223526477778358,0.13690092383071703,0.03897188379080272
