,generationtime,length_birth,length_final,growth_rate,fold_growth,division_ratio
mean,0.5760416666666667,2.7889121681781184,5.520588286759536,1.158520692215565,0.6588840084329606,0.5022946748367302
std,0.125896607078026,0.31640144704581996,0.5761570229793208,0.13160274638995564,0.13081029382637255,0.02732031315778392
