,generationtime,length_birth,length_final,growth_rate,fold_growth,division_ratio
mean,0.47166666666666673,2.6991031828749703,5.410690460424207,1.4396956536250338,0.6714305582302417,0.48947090420843
std,0.07843659127329995,0.2959561470783153,0.5589979197148753,0.1828115733062196,0.09818016540356327,0.03598312554232696
