,generationtime,length_birth,length_final,growth_rate,fold_growth,division_ratio
mean,0.45869565217391317,3.3037089854299118,6.42146888366794,1.4178491707291596,0.6441195354545745,0.5061626633652822
std,0.14821067155254147,0.9812605815489431,1.7631985824678096,0.1980277955066699,0.2122238644946307,0.043012220670338885
