,generationtime,length_birth,length_final,growth_rate,fold_growth,division_ratio
mean,0.49237288135593227,2.4010676233931814,4.707274934583545,1.3522280858017488,0.6583314934508616,0.5120700144887419
std,0.10120547523438005,0.4224319333778965,0.8032742152962309,0.18225006536330848,0.13001771889185498,0.0307427924231332
