,generationtime,length_birth,length_final,growth_rate,fold_growth,division_ratio
mean,0.6250000000000002,2.7111968513783498,5.736916987509407,1.1863936827313444,0.7306248720415613,0.4873115832824
std,0.12267844146385301,0.367855220869571,0.6113930829941374,0.14813978749011958,0.11248023251871489,0.028981931644564692
