,generationtime,length_birth,length_final,growth_rate,fold_growth,division_ratio
mean,0.460377358490566,3.213257737881519,6.271838492866147,1.4274953887003334,0.6511254972111579,0.5118953752279529
std,0.1268548877829575,0.5715289288465958,0.9749296077267049,0.1608718945207913,0.16993635947117006,0.0325902910139997
