,generationtime,length_birth,length_final,growth_rate,fold_growth,division_ratio
mean,0.5037878787878788,2.603761527966332,5.0359682051895165,1.3572216744332932,0.6569202616181583,0.5157296587617229
std,0.18755729505337568,0.5765636392594209,1.0060537621599166,0.25377802000046784,0.182310339691446,0.03821459831165719
