,generationtime,length_birth,length_final,growth_rate,fold_growth,division_ratio
mean,0.5303921568627452,2.734732710092634,5.344150165892895,1.2784690128241125,0.6641978612953724,0.5137755084759734
std,0.19926826926847868,0.5681328806041579,1.1405739616165003,0.17896317111412963,0.1920395916469358,0.037196427272986346
