,generationtime,length_birth,length_final,growth_rate,fold_growth,division_ratio
mean,0.47187500000000004,3.049187082707781,6.0848960825677265,1.4499461612809907,0.676779227610193,0.4979256445480547
std,0.12340249026326253,0.599225070342085,0.8759129020536003,0.1519491910681861,0.15795336818907005,0.050953078220364434
