,generationtime,length_birth,length_final,growth_rate,fold_growth,division_ratio
mean,0.5975409836065574,3.0008663713338617,5.8839747324977765,1.1099474153117777,0.6584639777306779,0.5168408206681994
std,0.16941719450029213,1.3893166512198336,2.2799320512605714,0.0906794776901811,0.17102622085462668,0.05074830947934744
