,generationtime,length_birth,length_final,growth_rate,fold_growth,division_ratio
mean,0.4935643564356446,2.3702181288908286,4.673410049819722,1.3792407756001475,0.673722149831399,0.5106639405331254
std,0.09738156045592838,0.28189470401127015,0.5805674966976104,0.19211386337650152,0.13059630194783606,0.03426007244867777
