,generationtime,length_birth,length_final,growth_rate,fold_growth,division_ratio
mean,0.4840909090909087,2.970040245166271,5.726703173344517,1.3277304818275726,0.6390604068252179,0.5143234593248877
std,0.06616423223846586,0.1816492057725691,0.44239523684767235,0.14175429036173093,0.08864632904639679,0.030922855407481187
