,generationtime,length_birth,length_final,growth_rate,fold_growth,division_ratio
mean,0.5785714285714288,3.122368684572697,6.212008372527284,1.1705673913695491,0.6729498224781753,0.49935167937560104
std,0.15700817795341382,0.8294233641641602,1.344287140150032,0.14014966913246574,0.19174587422835232,0.03616073797686957
