,generationtime,length_birth,length_final,growth_rate,fold_growth,division_ratio
mean,0.5845238095238094,2.856327790363116,5.737120420640217,1.1749046305982576,0.6788349745495912,0.4990249548721516
std,0.14725933817347053,0.5179180661549367,0.9968277982730005,0.14647624112000726,0.16668649133656055,0.03595705043095553
