,generationtime,length_birth,length_final,growth_rate,fold_growth,division_ratio
mean,0.4716216216216217,2.9989093800562623,6.029120171263046,1.4497108743435307,0.6698814636580015,0.4937435966501793
std,0.1366974256750513,0.4711680516421539,1.0171686521256853,0.23502466847940295,0.18526288017566822,0.029058217642180223
