,generationtime,length_birth,length_final,growth_rate,fold_growth,division_ratio
mean,0.47179487179487195,2.514437284157971,4.910898763905926,1.4103037019407951,0.6612409273696002,0.506051832116901
std,0.08041682950021399,0.32625397948862406,0.5798596235961411,0.1649198610513075,0.1162311013941261,0.031678951954156764
