,generationtime,length_birth,length_final,growth_rate,fold_growth,division_ratio
mean,0.4444444444444446,3.0233351890470574,5.91363279990531,1.490611354476155,0.6533310318309101,0.5105611541276156
std,0.09843004378871935,0.4405716777459218,0.7191693880275378,0.1877622749255131,0.12872147492521743,0.033405903380593634
