,generationtime,length_birth,length_final,growth_rate,fold_growth,division_ratio
mean,0.4863636363636365,2.5130880974301077,4.915008862785528,1.3615088545506884,0.6525448468228677,0.5253542360853903
std,0.14430475957626507,0.4638560338947497,1.0179093534148833,0.24465079172680151,0.20585830530208335,0.03988213547345287
