,generationtime,length_birth,length_final,growth_rate,fold_growth,division_ratio
mean,0.503731343283582,2.509663910702833,4.908724996668326,1.328030572894481,0.6579759839950661,0.5145714450070217
std,0.13660200784823126,0.45144221757011177,0.8216481744421841,0.21529517426337513,0.15188477818031246,0.0336638362444989
