,generationtime,length_birth,length_final,growth_rate,fold_growth,division_ratio
mean,0.45641025641025634,2.4801792942991177,4.6064341353498195,1.324541040041327,0.6022499972879761,0.5323327725797545
std,0.11875421719907096,0.36477818981091165,0.6003449389962862,0.19451732824525822,0.17210365113676213,0.04561014288831509
