,generationtime,length_birth,length_final,growth_rate,fold_growth,division_ratio
mean,0.48061224489795934,3.019816543558183,5.827532988400847,1.3433579218014071,0.638768238330926,0.5172850590279787
std,0.10145623365244133,0.4030804288655671,0.696889564932716,0.14081176201665113,0.1223282703874176,0.029583054391915116
