,generationtime,length_birth,length_final,growth_rate,fold_growth,division_ratio
mean,0.47200000000000003,4.541830938235311,8.059846763432857,1.341513232783391,0.6197268065534621,0.5379396970061362
std,0.2500333311114074,3.401626636206285,4.417350044743816,0.1463096155331737,0.31475128824536536,0.12919367905598447
