,generationtime,length_birth,length_final,growth_rate,fold_growth,division_ratio
mean,0.46923076923076923,3.126971809488888,6.324095585311127,1.4706991523104196,0.6791171943044781,0.49711668843204154
std,0.1458258625423996,0.5429077482695773,1.1149971505218315,0.15811155634230808,0.17905208674748105,0.02944474894633738
