,generationtime,length_birth,length_final,growth_rate,fold_growth,division_ratio
mean,0.4839080459770116,2.5222395895974823,4.949133271706288,1.3722526024567963,0.6634182729868436,0.5097848500906348
std,0.08776761496608547,0.36177301180665283,0.665447514346736,0.14909915488630265,0.1324915003221656,0.03140187257233214
